v1,v2
ham,"Thanks for helping out with the data preprocessing script yesterday, it worked like a charm! Ref #1000"
ham,Can we reschedule our project discussion to tomorrow morning at 10 AM?
ham,Can we reschedule our project discussion to tomorrow morning at 10 AM?
spam,URGENT: Your mobile parcel delivery #982344 is on hold. Pay $1.99 redelivery fee at http://parcel-tracker-support.info Ref #1003
ham,"Thanks for helping out with the data preprocessing script yesterday, it worked like a charm!"
ham,"Hey mom, I reached safely at the hotel. Will call you tonight after dinner."
spam,URGENT: Your mobile parcel delivery #982344 is on hold. Pay $1.99 redelivery fee at http://parcel-tracker-support.info Ref #1006
ham,"Hey mom, I reached safely at the hotel. Will call you tonight after dinner."
spam,"Congratulations! You've been chosen for an exclusive loan offer up to $50,000 with 0% interest. Reply YES to accept immediately."
ham,Please find attached the signed non-disclosure agreement for your records. Ref #1009
ham,Happy Birthday! Wishing you an amazing year ahead filled with joy and success!
ham,Please find attached the signed non-disclosure agreement for your records.
spam,"SIX chances to win CASH! From 100 to 20,000 pounds txt> CSH11 and send to 87575. Cost 150p/day 6days. 16+ TsandCs apply. Ref #1012"
ham,Don't forget to push your latest git branch before today's standup meeting.
ham,"I'll be arriving home in about 20 minutes, do you need anything from the grocery store?"
ham,Can we reschedule our project discussion to tomorrow morning at 10 AM? Ref #1015
ham,Can we reschedule our project discussion to tomorrow morning at 10 AM?
spam,Hot singles in your area want to meet you tonight! Call 09099726395 to chat live now. 18+ only.
ham,Can you send me the lecture slides from yesterday's machine learning class? Thanks! Ref #1018
ham,Please find attached the signed non-disclosure agreement for your records.
spam,Free entry in 2 a wkly comp to win FA Cup final tkts 21st May 2005. Text FA to 87121 to receive entry question(std txt rate)T&C's apply 08452810075over18's
ham,Can we reschedule our project discussion to tomorrow morning at 10 AM? Ref #1021
ham,"Thanks for helping out with the data preprocessing script yesterday, it worked like a charm!"
spam,"URGENT! You have won a 1 week FREE membership in our £100,000 Prize Draw! Call 09064012103 now to claim!"
ham,"Thanks for helping out with the data preprocessing script yesterday, it worked like a charm! Ref #1024"
ham,"Hey mom, I reached safely at the hotel. Will call you tonight after dinner."
ham,Don't forget to push your latest git branch before today's standup meeting.
ham,Can you send me the lecture slides from yesterday's machine learning class? Thanks! Ref #1027
ham,Can you send me the lecture slides from yesterday's machine learning class? Thanks!
ham,Don't forget to push your latest git branch before today's standup meeting.
ham,"Thanks for helping out with the data preprocessing script yesterday, it worked like a charm! Ref #1030"
ham,Happy Birthday! Wishing you an amazing year ahead filled with joy and success!
ham,Sounds good to me! Let's review the quarterly metrics during our 3 PM sync.
ham,Can you send me the lecture slides from yesterday's machine learning class? Thanks! Ref #1033
ham,"Thanks for helping out with the data preprocessing script yesterday, it worked like a charm!"
ham,Happy Birthday! Wishing you an amazing year ahead filled with joy and success!
ham,"Hey, are you free for lunch today? Let's grab some coffee around 1 PM. Ref #1036"
spam,Hot singles in your area want to meet you tonight! Call 09099726395 to chat live now. 18+ only.
ham,"Thanks for helping out with the data preprocessing script yesterday, it worked like a charm!"
spam,"SIX chances to win CASH! From 100 to 20,000 pounds txt> CSH11 and send to 87575. Cost 150p/day 6days. 16+ TsandCs apply. Ref #1039"
ham,"I'll be arriving home in about 20 minutes, do you need anything from the grocery store?"
ham,Sounds good to me! Let's review the quarterly metrics during our 3 PM sync.
ham,Please find attached the signed non-disclosure agreement for your records. Ref #1042
spam,"Claim your complimentary Walmart $1,000 Gift Card today! Visit http://promo-giftcard.net before stock runs out."
ham,Can you send me the lecture slides from yesterday's machine learning class? Thanks!
spam,"Claim your complimentary Walmart $1,000 Gift Card today! Visit http://promo-giftcard.net before stock runs out. Ref #1045"
ham,"Thanks for helping out with the data preprocessing script yesterday, it worked like a charm!"
ham,"Thanks for helping out with the data preprocessing script yesterday, it worked like a charm!"
ham,"I'll be arriving home in about 20 minutes, do you need anything from the grocery store? Ref #1048"
ham,Sounds good to me! Let's review the quarterly metrics during our 3 PM sync.
ham,"I'll be arriving home in about 20 minutes, do you need anything from the grocery store?"
ham,Please find attached the signed non-disclosure agreement for your records. Ref #1051
ham,Can we reschedule our project discussion to tomorrow morning at 10 AM?
spam,You have 1 new voicemail! To listen to your message call 08712400603 from your mobile. Calls cost £1.50/min.
spam,"SIX chances to win CASH! From 100 to 20,000 pounds txt> CSH11 and send to 87575. Cost 150p/day 6days. 16+ TsandCs apply. Ref #1054"
spam,"Claim your complimentary Walmart $1,000 Gift Card today! Visit http://promo-giftcard.net before stock runs out."
ham,Don't forget to push your latest git branch before today's standup meeting.
ham,Can we reschedule our project discussion to tomorrow morning at 10 AM? Ref #1057
ham,Don't forget to push your latest git branch before today's standup meeting.
ham,Can we reschedule our project discussion to tomorrow morning at 10 AM?
ham,"Hey mom, I reached safely at the hotel. Will call you tonight after dinner. Ref #1060"
ham,Please find attached the signed non-disclosure agreement for your records.
ham,Happy Birthday! Wishing you an amazing year ahead filled with joy and success!
spam,Free entry in 2 a wkly comp to win FA Cup final tkts 21st May 2005. Text FA to 87121 to receive entry question(std txt rate)T&C's apply 08452810075over18's Ref #1063
ham,Please find attached the signed non-disclosure agreement for your records.
spam,Hot singles in your area want to meet you tonight! Call 09099726395 to chat live now. 18+ only.
ham,"Hey, are you free for lunch today? Let's grab some coffee around 1 PM. Ref #1066"
ham,Happy Birthday! Wishing you an amazing year ahead filled with joy and success!
ham,Happy Birthday! Wishing you an amazing year ahead filled with joy and success!
ham,"Hey mom, I reached safely at the hotel. Will call you tonight after dinner. Ref #1069"
ham,Happy Birthday! Wishing you an amazing year ahead filled with joy and success!
ham,"Hey, are you free for lunch today? Let's grab some coffee around 1 PM."
spam,URGENT: Your mobile parcel delivery #982344 is on hold. Pay $1.99 redelivery fee at http://parcel-tracker-support.info Ref #1072
ham,"Hey mom, I reached safely at the hotel. Will call you tonight after dinner."
ham,"Thanks for helping out with the data preprocessing script yesterday, it worked like a charm!"
ham,"Hey, are you free for lunch today? Let's grab some coffee around 1 PM. Ref #1075"
spam,You have 1 new voicemail! To listen to your message call 08712400603 from your mobile. Calls cost £1.50/min.
ham,Can we reschedule our project discussion to tomorrow morning at 10 AM?
ham,"Hey, are you free for lunch today? Let's grab some coffee around 1 PM. Ref #1078"
spam,URGENT: Your mobile parcel delivery #982344 is on hold. Pay $1.99 redelivery fee at http://parcel-tracker-support.info
spam,"URGENT! You have won a 1 week FREE membership in our £100,000 Prize Draw! Call 09064012103 now to claim!"
ham,"Hey mom, I reached safely at the hotel. Will call you tonight after dinner. Ref #1081"
spam,"URGENT! You have won a 1 week FREE membership in our £100,000 Prize Draw! Call 09064012103 now to claim!"
ham,Can you send me the lecture slides from yesterday's machine learning class? Thanks!
ham,Please find attached the signed non-disclosure agreement for your records. Ref #1084
ham,Can we reschedule our project discussion to tomorrow morning at 10 AM?
ham,"Thanks for helping out with the data preprocessing script yesterday, it worked like a charm!"
ham,"Hey mom, I reached safely at the hotel. Will call you tonight after dinner. Ref #1087"
ham,Don't forget to push your latest git branch before today's standup meeting.
ham,"Hey mom, I reached safely at the hotel. Will call you tonight after dinner."
ham,"Hey, are you free for lunch today? Let's grab some coffee around 1 PM. Ref #1090"
ham,"Hey mom, I reached safely at the hotel. Will call you tonight after dinner."
ham,"I'll be arriving home in about 20 minutes, do you need anything from the grocery store?"
ham,Don't forget to push your latest git branch before today's standup meeting. Ref #1093
spam,"SIX chances to win CASH! From 100 to 20,000 pounds txt> CSH11 and send to 87575. Cost 150p/day 6days. 16+ TsandCs apply."
ham,Don't forget to push your latest git branch before today's standup meeting.
ham,Don't forget to push your latest git branch before today's standup meeting. Ref #1096
ham,"Thanks for helping out with the data preprocessing script yesterday, it worked like a charm!"
ham,Can you send me the lecture slides from yesterday's machine learning class? Thanks!
ham,Happy Birthday! Wishing you an amazing year ahead filled with joy and success! Ref #1099
spam,"Claim your complimentary Walmart $1,000 Gift Card today! Visit http://promo-giftcard.net before stock runs out."
ham,Please find attached the signed non-disclosure agreement for your records.
ham,Please find attached the signed non-disclosure agreement for your records. Ref #1102
ham,Don't forget to push your latest git branch before today's standup meeting.
ham,Can you send me the lecture slides from yesterday's machine learning class? Thanks!
ham,Sounds good to me! Let's review the quarterly metrics during our 3 PM sync. Ref #1105
ham,Can we reschedule our project discussion to tomorrow morning at 10 AM?
ham,"I'll be arriving home in about 20 minutes, do you need anything from the grocery store?"
ham,"I'll be arriving home in about 20 minutes, do you need anything from the grocery store? Ref #1108"
ham,"Hey mom, I reached safely at the hotel. Will call you tonight after dinner."
ham,"Thanks for helping out with the data preprocessing script yesterday, it worked like a charm!"
ham,"Hey, are you free for lunch today? Let's grab some coffee around 1 PM. Ref #1111"
ham,"Hey mom, I reached safely at the hotel. Will call you tonight after dinner."
ham,"I'll be arriving home in about 20 minutes, do you need anything from the grocery store?"
ham,Happy Birthday! Wishing you an amazing year ahead filled with joy and success! Ref #1114
ham,Can you send me the lecture slides from yesterday's machine learning class? Thanks!
ham,Can you send me the lecture slides from yesterday's machine learning class? Thanks!
ham,"I'll be arriving home in about 20 minutes, do you need anything from the grocery store? Ref #1117"
ham,Happy Birthday! Wishing you an amazing year ahead filled with joy and success!
ham,Don't forget to push your latest git branch before today's standup meeting.
ham,Sounds good to me! Let's review the quarterly metrics during our 3 PM sync. Ref #1120
ham,"Thanks for helping out with the data preprocessing script yesterday, it worked like a charm!"
ham,Can we reschedule our project discussion to tomorrow morning at 10 AM?
ham,"Hey, are you free for lunch today? Let's grab some coffee around 1 PM. Ref #1123"
ham,"I'll be arriving home in about 20 minutes, do you need anything from the grocery store?"
ham,"Hey mom, I reached safely at the hotel. Will call you tonight after dinner."
ham,"Hey mom, I reached safely at the hotel. Will call you tonight after dinner. Ref #1126"
ham,"I'll be arriving home in about 20 minutes, do you need anything from the grocery store?"
ham,Can you send me the lecture slides from yesterday's machine learning class? Thanks!
ham,"Hey, are you free for lunch today? Let's grab some coffee around 1 PM. Ref #1129"
ham,"Hey, are you free for lunch today? Let's grab some coffee around 1 PM."
ham,"I'll be arriving home in about 20 minutes, do you need anything from the grocery store?"
ham,"Hey, are you free for lunch today? Let's grab some coffee around 1 PM. Ref #1132"
spam,"Congratulations! You've been chosen for an exclusive loan offer up to $50,000 with 0% interest. Reply YES to accept immediately."
ham,Happy Birthday! Wishing you an amazing year ahead filled with joy and success!
ham,"Hey, are you free for lunch today? Let's grab some coffee around 1 PM. Ref #1135"
ham,"I'll be arriving home in about 20 minutes, do you need anything from the grocery store?"
ham,Don't forget to push your latest git branch before today's standup meeting.
ham,Sounds good to me! Let's review the quarterly metrics during our 3 PM sync. Ref #1138
ham,"Hey, are you free for lunch today? Let's grab some coffee around 1 PM."
ham,Can you send me the lecture slides from yesterday's machine learning class? Thanks!
ham,"Hey mom, I reached safely at the hotel. Will call you tonight after dinner. Ref #1141"
ham,"Thanks for helping out with the data preprocessing script yesterday, it worked like a charm!"
spam,WINNER!! As a valued network customer you have been selected to receive a £900 prize reward! To claim call 09061701461. Claim code KL341. Valid 12 hours only.
ham,"Hey mom, I reached safely at the hotel. Will call you tonight after dinner. Ref #1144"
ham,Please find attached the signed non-disclosure agreement for your records.
ham,"Hey, are you free for lunch today? Let's grab some coffee around 1 PM."
ham,Happy Birthday! Wishing you an amazing year ahead filled with joy and success! Ref #1147
ham,Can we reschedule our project discussion to tomorrow morning at 10 AM?
ham,Can we reschedule our project discussion to tomorrow morning at 10 AM?
ham,Can you send me the lecture slides from yesterday's machine learning class? Thanks! Ref #1150
ham,Please find attached the signed non-disclosure agreement for your records.
spam,Free entry in 2 a wkly comp to win FA Cup final tkts 21st May 2005. Text FA to 87121 to receive entry question(std txt rate)T&C's apply 08452810075over18's
ham,"Hey, are you free for lunch today? Let's grab some coffee around 1 PM. Ref #1153"
spam,"SIX chances to win CASH! From 100 to 20,000 pounds txt> CSH11 and send to 87575. Cost 150p/day 6days. 16+ TsandCs apply."
ham,Can you send me the lecture slides from yesterday's machine learning class? Thanks!
spam,"Claim your complimentary Walmart $1,000 Gift Card today! Visit http://promo-giftcard.net before stock runs out. Ref #1156"
ham,"I'll be arriving home in about 20 minutes, do you need anything from the grocery store?"
ham,"Hey mom, I reached safely at the hotel. Will call you tonight after dinner."
ham,"Hey mom, I reached safely at the hotel. Will call you tonight after dinner. Ref #1159"
ham,Please find attached the signed non-disclosure agreement for your records.
ham,"Hey mom, I reached safely at the hotel. Will call you tonight after dinner."
ham,Sounds good to me! Let's review the quarterly metrics during our 3 PM sync. Ref #1162
ham,Sounds good to me! Let's review the quarterly metrics during our 3 PM sync.
ham,Sounds good to me! Let's review the quarterly metrics during our 3 PM sync.
ham,"Hey mom, I reached safely at the hotel. Will call you tonight after dinner. Ref #1165"
spam,Free entry in 2 a wkly comp to win FA Cup final tkts 21st May 2005. Text FA to 87121 to receive entry question(std txt rate)T&C's apply 08452810075over18's
ham,"I'll be arriving home in about 20 minutes, do you need anything from the grocery store?"
ham,Don't forget to push your latest git branch before today's standup meeting. Ref #1168
spam,WINNER!! As a valued network customer you have been selected to receive a £900 prize reward! To claim call 09061701461. Claim code KL341. Valid 12 hours only.
ham,"I'll be arriving home in about 20 minutes, do you need anything from the grocery store?"
ham,"I'll be arriving home in about 20 minutes, do you need anything from the grocery store? Ref #1171"
ham,Can we reschedule our project discussion to tomorrow morning at 10 AM?
ham,Please find attached the signed non-disclosure agreement for your records.
ham,Can we reschedule our project discussion to tomorrow morning at 10 AM? Ref #1174
ham,Sounds good to me! Let's review the quarterly metrics during our 3 PM sync.
spam,You have 1 new voicemail! To listen to your message call 08712400603 from your mobile. Calls cost £1.50/min.
ham,Can you send me the lecture slides from yesterday's machine learning class? Thanks! Ref #1177
ham,"Hey mom, I reached safely at the hotel. Will call you tonight after dinner."
ham,"Thanks for helping out with the data preprocessing script yesterday, it worked like a charm!"
ham,"Hey, are you free for lunch today? Let's grab some coffee around 1 PM. Ref #1180"
ham,Can we reschedule our project discussion to tomorrow morning at 10 AM?
ham,Sounds good to me! Let's review the quarterly metrics during our 3 PM sync.
ham,Can we reschedule our project discussion to tomorrow morning at 10 AM? Ref #1183
spam,You have 1 new voicemail! To listen to your message call 08712400603 from your mobile. Calls cost £1.50/min.
ham,Sounds good to me! Let's review the quarterly metrics during our 3 PM sync.
spam,"Congratulations! You've been chosen for an exclusive loan offer up to $50,000 with 0% interest. Reply YES to accept immediately. Ref #1186"
spam,Free entry in 2 a wkly comp to win FA Cup final tkts 21st May 2005. Text FA to 87121 to receive entry question(std txt rate)T&C's apply 08452810075over18's
ham,Please find attached the signed non-disclosure agreement for your records.
ham,Sounds good to me! Let's review the quarterly metrics during our 3 PM sync. Ref #1189
ham,"Hey, are you free for lunch today? Let's grab some coffee around 1 PM."
ham,Sounds good to me! Let's review the quarterly metrics during our 3 PM sync.
ham,Please find attached the signed non-disclosure agreement for your records. Ref #1192
ham,Don't forget to push your latest git branch before today's standup meeting.
spam,You have 1 new voicemail! To listen to your message call 08712400603 from your mobile. Calls cost £1.50/min.
ham,Please find attached the signed non-disclosure agreement for your records. Ref #1195
ham,"Thanks for helping out with the data preprocessing script yesterday, it worked like a charm!"
ham,Don't forget to push your latest git branch before today's standup meeting.
ham,Can we reschedule our project discussion to tomorrow morning at 10 AM? Ref #1198
ham,Don't forget to push your latest git branch before today's standup meeting.
ham,Can you send me the lecture slides from yesterday's machine learning class? Thanks!
ham,"Hey, are you free for lunch today? Let's grab some coffee around 1 PM. Ref #1201"
ham,"I'll be arriving home in about 20 minutes, do you need anything from the grocery store?"
ham,"I'll be arriving home in about 20 minutes, do you need anything from the grocery store?"
ham,"Thanks for helping out with the data preprocessing script yesterday, it worked like a charm! Ref #1204"
ham,Can you send me the lecture slides from yesterday's machine learning class? Thanks!
spam,WINNER!! As a valued network customer you have been selected to receive a £900 prize reward! To claim call 09061701461. Claim code KL341. Valid 12 hours only.
ham,"Hey, are you free for lunch today? Let's grab some coffee around 1 PM. Ref #1207"
ham,Please find attached the signed non-disclosure agreement for your records.
ham,Can you send me the lecture slides from yesterday's machine learning class? Thanks!
ham,Can we reschedule our project discussion to tomorrow morning at 10 AM? Ref #1210
spam,"Congratulations! You've been chosen for an exclusive loan offer up to $50,000 with 0% interest. Reply YES to accept immediately."
ham,"Thanks for helping out with the data preprocessing script yesterday, it worked like a charm!"
ham,Sounds good to me! Let's review the quarterly metrics during our 3 PM sync. Ref #1213
ham,Don't forget to push your latest git branch before today's standup meeting.
ham,Happy Birthday! Wishing you an amazing year ahead filled with joy and success!
ham,"I'll be arriving home in about 20 minutes, do you need anything from the grocery store? Ref #1216"
ham,Don't forget to push your latest git branch before today's standup meeting.
ham,Can we reschedule our project discussion to tomorrow morning at 10 AM?
ham,Can we reschedule our project discussion to tomorrow morning at 10 AM? Ref #1219
ham,Sounds good to me! Let's review the quarterly metrics during our 3 PM sync.
ham,Can we reschedule our project discussion to tomorrow morning at 10 AM?
ham,Happy Birthday! Wishing you an amazing year ahead filled with joy and success! Ref #1222
ham,"Hey, are you free for lunch today? Let's grab some coffee around 1 PM."
ham,Don't forget to push your latest git branch before today's standup meeting.
ham,"Hey mom, I reached safely at the hotel. Will call you tonight after dinner. Ref #1225"
ham,"I'll be arriving home in about 20 minutes, do you need anything from the grocery store?"
ham,Happy Birthday! Wishing you an amazing year ahead filled with joy and success!
ham,Happy Birthday! Wishing you an amazing year ahead filled with joy and success! Ref #1228
ham,Don't forget to push your latest git branch before today's standup meeting.
ham,Sounds good to me! Let's review the quarterly metrics during our 3 PM sync.
spam,Hot singles in your area want to meet you tonight! Call 09099726395 to chat live now. 18+ only. Ref #1231
ham,Sounds good to me! Let's review the quarterly metrics during our 3 PM sync.
ham,Can we reschedule our project discussion to tomorrow morning at 10 AM?
ham,Can we reschedule our project discussion to tomorrow morning at 10 AM? Ref #1234
spam,You have 1 new voicemail! To listen to your message call 08712400603 from your mobile. Calls cost £1.50/min.
ham,Please find attached the signed non-disclosure agreement for your records.
ham,Can we reschedule our project discussion to tomorrow morning at 10 AM? Ref #1237
ham,Can you send me the lecture slides from yesterday's machine learning class? Thanks!
ham,Happy Birthday! Wishing you an amazing year ahead filled with joy and success!
ham,"Hey, are you free for lunch today? Let's grab some coffee around 1 PM. Ref #1240"
spam,"Claim your complimentary Walmart $1,000 Gift Card today! Visit http://promo-giftcard.net before stock runs out."
ham,"Thanks for helping out with the data preprocessing script yesterday, it worked like a charm!"
spam,WINNER!! As a valued network customer you have been selected to receive a £900 prize reward! To claim call 09061701461. Claim code KL341. Valid 12 hours only. Ref #1243
ham,Can you send me the lecture slides from yesterday's machine learning class? Thanks!
spam,"Congratulations! You've been chosen for an exclusive loan offer up to $50,000 with 0% interest. Reply YES to accept immediately."
ham,"Thanks for helping out with the data preprocessing script yesterday, it worked like a charm! Ref #1246"
ham,"Hey, are you free for lunch today? Let's grab some coffee around 1 PM."
ham,"Hey, are you free for lunch today? Let's grab some coffee around 1 PM."
ham,Happy Birthday! Wishing you an amazing year ahead filled with joy and success! Ref #1249
ham,Don't forget to push your latest git branch before today's standup meeting.
ham,"I'll be arriving home in about 20 minutes, do you need anything from the grocery store?"
ham,"Hey mom, I reached safely at the hotel. Will call you tonight after dinner. Ref #1252"
ham,Please find attached the signed non-disclosure agreement for your records.
ham,Can we reschedule our project discussion to tomorrow morning at 10 AM?
ham,Can you send me the lecture slides from yesterday's machine learning class? Thanks! Ref #1255
ham,Please find attached the signed non-disclosure agreement for your records.
ham,"Thanks for helping out with the data preprocessing script yesterday, it worked like a charm!"
spam,Hot singles in your area want to meet you tonight! Call 09099726395 to chat live now. 18+ only. Ref #1258
ham,"I'll be arriving home in about 20 minutes, do you need anything from the grocery store?"
ham,Happy Birthday! Wishing you an amazing year ahead filled with joy and success!
ham,"Hey, are you free for lunch today? Let's grab some coffee around 1 PM. Ref #1261"
spam,"URGENT! You have won a 1 week FREE membership in our £100,000 Prize Draw! Call 09064012103 now to claim!"
ham,"Hey mom, I reached safely at the hotel. Will call you tonight after dinner."
ham,Sounds good to me! Let's review the quarterly metrics during our 3 PM sync. Ref #1264
spam,"Congratulations! You've been chosen for an exclusive loan offer up to $50,000 with 0% interest. Reply YES to accept immediately."
ham,Sounds good to me! Let's review the quarterly metrics during our 3 PM sync.
ham,"I'll be arriving home in about 20 minutes, do you need anything from the grocery store? Ref #1267"
ham,Can you send me the lecture slides from yesterday's machine learning class? Thanks!
ham,"Hey, are you free for lunch today? Let's grab some coffee around 1 PM."
ham,"Hey, are you free for lunch today? Let's grab some coffee around 1 PM. Ref #1270"
ham,"Hey mom, I reached safely at the hotel. Will call you tonight after dinner."
ham,Can we reschedule our project discussion to tomorrow morning at 10 AM?
spam,You have 1 new voicemail! To listen to your message call 08712400603 from your mobile. Calls cost £1.50/min. Ref #1273
ham,"Thanks for helping out with the data preprocessing script yesterday, it worked like a charm!"
ham,"Thanks for helping out with the data preprocessing script yesterday, it worked like a charm!"
ham,"Thanks for helping out with the data preprocessing script yesterday, it worked like a charm! Ref #1276"
ham,Don't forget to push your latest git branch before today's standup meeting.
ham,Please find attached the signed non-disclosure agreement for your records.
ham,Sounds good to me! Let's review the quarterly metrics during our 3 PM sync. Ref #1279
ham,"Hey mom, I reached safely at the hotel. Will call you tonight after dinner."
spam,Hot singles in your area want to meet you tonight! Call 09099726395 to chat live now. 18+ only.
ham,Don't forget to push your latest git branch before today's standup meeting. Ref #1282
ham,"I'll be arriving home in about 20 minutes, do you need anything from the grocery store?"
ham,Can you send me the lecture slides from yesterday's machine learning class? Thanks!
ham,Sounds good to me! Let's review the quarterly metrics during our 3 PM sync. Ref #1285
ham,Can you send me the lecture slides from yesterday's machine learning class? Thanks!
spam,WINNER!! As a valued network customer you have been selected to receive a £900 prize reward! To claim call 09061701461. Claim code KL341. Valid 12 hours only.
ham,Sounds good to me! Let's review the quarterly metrics during our 3 PM sync. Ref #1288
spam,"URGENT! You have won a 1 week FREE membership in our £100,000 Prize Draw! Call 09064012103 now to claim!"
ham,Can you send me the lecture slides from yesterday's machine learning class? Thanks!
ham,"Hey, are you free for lunch today? Let's grab some coffee around 1 PM. Ref #1291"
ham,Please find attached the signed non-disclosure agreement for your records.
ham,"Hey mom, I reached safely at the hotel. Will call you tonight after dinner."
ham,"Hey, are you free for lunch today? Let's grab some coffee around 1 PM. Ref #1294"
ham,Can you send me the lecture slides from yesterday's machine learning class? Thanks!
spam,"URGENT! You have won a 1 week FREE membership in our £100,000 Prize Draw! Call 09064012103 now to claim!"
spam,"Claim your complimentary Walmart $1,000 Gift Card today! Visit http://promo-giftcard.net before stock runs out. Ref #1297"
ham,"Hey, are you free for lunch today? Let's grab some coffee around 1 PM."
ham,Sounds good to me! Let's review the quarterly metrics during our 3 PM sync.
ham,Sounds good to me! Let's review the quarterly metrics during our 3 PM sync. Ref #1300
ham,Sounds good to me! Let's review the quarterly metrics during our 3 PM sync.
ham,Please find attached the signed non-disclosure agreement for your records.
ham,Sounds good to me! Let's review the quarterly metrics during our 3 PM sync. Ref #1303
ham,"Hey, are you free for lunch today? Let's grab some coffee around 1 PM."
ham,Don't forget to push your latest git branch before today's standup meeting.
ham,"Hey, are you free for lunch today? Let's grab some coffee around 1 PM. Ref #1306"
ham,Can you send me the lecture slides from yesterday's machine learning class? Thanks!
ham,"Thanks for helping out with the data preprocessing script yesterday, it worked like a charm!"
spam,You have 1 new voicemail! To listen to your message call 08712400603 from your mobile. Calls cost £1.50/min. Ref #1309
ham,"Hey mom, I reached safely at the hotel. Will call you tonight after dinner."
ham,Can you send me the lecture slides from yesterday's machine learning class? Thanks!
ham,"Hey mom, I reached safely at the hotel. Will call you tonight after dinner. Ref #1312"
ham,Happy Birthday! Wishing you an amazing year ahead filled with joy and success!
ham,Can we reschedule our project discussion to tomorrow morning at 10 AM?
ham,Sounds good to me! Let's review the quarterly metrics during our 3 PM sync. Ref #1315
ham,"I'll be arriving home in about 20 minutes, do you need anything from the grocery store?"
ham,Can you send me the lecture slides from yesterday's machine learning class? Thanks!
ham,Can you send me the lecture slides from yesterday's machine learning class? Thanks! Ref #1318
ham,"I'll be arriving home in about 20 minutes, do you need anything from the grocery store?"
ham,Don't forget to push your latest git branch before today's standup meeting.
ham,"Hey, are you free for lunch today? Let's grab some coffee around 1 PM. Ref #1321"
ham,Can we reschedule our project discussion to tomorrow morning at 10 AM?
ham,"Hey, are you free for lunch today? Let's grab some coffee around 1 PM."
ham,Don't forget to push your latest git branch before today's standup meeting. Ref #1324
ham,"Hey, are you free for lunch today? Let's grab some coffee around 1 PM."
ham,Don't forget to push your latest git branch before today's standup meeting.
ham,Can you send me the lecture slides from yesterday's machine learning class? Thanks! Ref #1327
ham,Can you send me the lecture slides from yesterday's machine learning class? Thanks!
ham,"I'll be arriving home in about 20 minutes, do you need anything from the grocery store?"
ham,Can we reschedule our project discussion to tomorrow morning at 10 AM? Ref #1330
spam,Your account security has been compromised! Click http://bit.ly/secure-bank-login to verify your credentials within 24 hours.
ham,Don't forget to push your latest git branch before today's standup meeting.
ham,"Thanks for helping out with the data preprocessing script yesterday, it worked like a charm! Ref #1333"
ham,"I'll be arriving home in about 20 minutes, do you need anything from the grocery store?"
ham,Can you send me the lecture slides from yesterday's machine learning class? Thanks!
ham,"I'll be arriving home in about 20 minutes, do you need anything from the grocery store? Ref #1336"
spam,"Congratulations! You've been chosen for an exclusive loan offer up to $50,000 with 0% interest. Reply YES to accept immediately."
ham,Please find attached the signed non-disclosure agreement for your records.
ham,Sounds good to me! Let's review the quarterly metrics during our 3 PM sync. Ref #1339
ham,Sounds good to me! Let's review the quarterly metrics during our 3 PM sync.
ham,Please find attached the signed non-disclosure agreement for your records.
ham,"Hey, are you free for lunch today? Let's grab some coffee around 1 PM. Ref #1342"
ham,Happy Birthday! Wishing you an amazing year ahead filled with joy and success!
spam,Hot singles in your area want to meet you tonight! Call 09099726395 to chat live now. 18+ only.
ham,"Thanks for helping out with the data preprocessing script yesterday, it worked like a charm! Ref #1345"
ham,"Hey, are you free for lunch today? Let's grab some coffee around 1 PM."
ham,"Hey, are you free for lunch today? Let's grab some coffee around 1 PM."
spam,"SIX chances to win CASH! From 100 to 20,000 pounds txt> CSH11 and send to 87575. Cost 150p/day 6days. 16+ TsandCs apply. Ref #1348"
ham,"Thanks for helping out with the data preprocessing script yesterday, it worked like a charm!"
ham,Please find attached the signed non-disclosure agreement for your records.
ham,"Thanks for helping out with the data preprocessing script yesterday, it worked like a charm! Ref #1351"
ham,Please find attached the signed non-disclosure agreement for your records.
spam,URGENT: Your mobile parcel delivery #982344 is on hold. Pay $1.99 redelivery fee at http://parcel-tracker-support.info
spam,"SIX chances to win CASH! From 100 to 20,000 pounds txt> CSH11 and send to 87575. Cost 150p/day 6days. 16+ TsandCs apply. Ref #1354"
ham,Can you send me the lecture slides from yesterday's machine learning class? Thanks!
ham,"I'll be arriving home in about 20 minutes, do you need anything from the grocery store?"
ham,Happy Birthday! Wishing you an amazing year ahead filled with joy and success! Ref #1357
ham,Please find attached the signed non-disclosure agreement for your records.
ham,"Hey, are you free for lunch today? Let's grab some coffee around 1 PM."
ham,Please find attached the signed non-disclosure agreement for your records. Ref #1360
ham,Happy Birthday! Wishing you an amazing year ahead filled with joy and success!
ham,Don't forget to push your latest git branch before today's standup meeting.
ham,Please find attached the signed non-disclosure agreement for your records. Ref #1363
ham,Can you send me the lecture slides from yesterday's machine learning class? Thanks!
spam,Your account security has been compromised! Click http://bit.ly/secure-bank-login to verify your credentials within 24 hours.
ham,"Thanks for helping out with the data preprocessing script yesterday, it worked like a charm! Ref #1366"
ham,"I'll be arriving home in about 20 minutes, do you need anything from the grocery store?"
ham,Sounds good to me! Let's review the quarterly metrics during our 3 PM sync.
ham,Please find attached the signed non-disclosure agreement for your records. Ref #1369
ham,"Thanks for helping out with the data preprocessing script yesterday, it worked like a charm!"
ham,"Hey mom, I reached safely at the hotel. Will call you tonight after dinner."
ham,"Hey, are you free for lunch today? Let's grab some coffee around 1 PM. Ref #1372"
spam,"Congratulations! You've been chosen for an exclusive loan offer up to $50,000 with 0% interest. Reply YES to accept immediately."
ham,Can we reschedule our project discussion to tomorrow morning at 10 AM?
ham,"Thanks for helping out with the data preprocessing script yesterday, it worked like a charm! Ref #1375"
ham,Can we reschedule our project discussion to tomorrow morning at 10 AM?
spam,URGENT: Your mobile parcel delivery #982344 is on hold. Pay $1.99 redelivery fee at http://parcel-tracker-support.info
ham,"Thanks for helping out with the data preprocessing script yesterday, it worked like a charm! Ref #1378"
spam,WINNER!! As a valued network customer you have been selected to receive a £900 prize reward! To claim call 09061701461. Claim code KL341. Valid 12 hours only.
ham,Don't forget to push your latest git branch before today's standup meeting.
spam,Your account security has been compromised! Click http://bit.ly/secure-bank-login to verify your credentials within 24 hours. Ref #1381
ham,"Thanks for helping out with the data preprocessing script yesterday, it worked like a charm!"
ham,Happy Birthday! Wishing you an amazing year ahead filled with joy and success!
ham,"Thanks for helping out with the data preprocessing script yesterday, it worked like a charm! Ref #1384"
ham,Sounds good to me! Let's review the quarterly metrics during our 3 PM sync.
ham,"Hey mom, I reached safely at the hotel. Will call you tonight after dinner."
ham,Don't forget to push your latest git branch before today's standup meeting. Ref #1387
ham,"Hey, are you free for lunch today? Let's grab some coffee around 1 PM."
ham,"Hey, are you free for lunch today? Let's grab some coffee around 1 PM."
ham,"Hey mom, I reached safely at the hotel. Will call you tonight after dinner. Ref #1390"
ham,Don't forget to push your latest git branch before today's standup meeting.
ham,"I'll be arriving home in about 20 minutes, do you need anything from the grocery store?"
spam,WINNER!! As a valued network customer you have been selected to receive a £900 prize reward! To claim call 09061701461. Claim code KL341. Valid 12 hours only. Ref #1393
ham,Sounds good to me! Let's review the quarterly metrics during our 3 PM sync.
spam,WINNER!! As a valued network customer you have been selected to receive a £900 prize reward! To claim call 09061701461. Claim code KL341. Valid 12 hours only.
ham,Can you send me the lecture slides from yesterday's machine learning class? Thanks! Ref #1396
spam,"Congratulations! You've been chosen for an exclusive loan offer up to $50,000 with 0% interest. Reply YES to accept immediately."
spam,Hot singles in your area want to meet you tonight! Call 09099726395 to chat live now. 18+ only.
ham,"Thanks for helping out with the data preprocessing script yesterday, it worked like a charm! Ref #1399"
ham,"I'll be arriving home in about 20 minutes, do you need anything from the grocery store?"
ham,"Hey, are you free for lunch today? Let's grab some coffee around 1 PM."
ham,Can you send me the lecture slides from yesterday's machine learning class? Thanks! Ref #1402
spam,URGENT: Your mobile parcel delivery #982344 is on hold. Pay $1.99 redelivery fee at http://parcel-tracker-support.info
ham,Can you send me the lecture slides from yesterday's machine learning class? Thanks!
ham,"I'll be arriving home in about 20 minutes, do you need anything from the grocery store? Ref #1405"
ham,"Hey mom, I reached safely at the hotel. Will call you tonight after dinner."
spam,URGENT: Your mobile parcel delivery #982344 is on hold. Pay $1.99 redelivery fee at http://parcel-tracker-support.info
ham,Sounds good to me! Let's review the quarterly metrics during our 3 PM sync. Ref #1408
ham,"I'll be arriving home in about 20 minutes, do you need anything from the grocery store?"
ham,Sounds good to me! Let's review the quarterly metrics during our 3 PM sync.
ham,Please find attached the signed non-disclosure agreement for your records. Ref #1411
ham,Happy Birthday! Wishing you an amazing year ahead filled with joy and success!
ham,Happy Birthday! Wishing you an amazing year ahead filled with joy and success!
ham,"Thanks for helping out with the data preprocessing script yesterday, it worked like a charm! Ref #1414"
ham,"I'll be arriving home in about 20 minutes, do you need anything from the grocery store?"
ham,"Hey, are you free for lunch today? Let's grab some coffee around 1 PM."
ham,"Hey, are you free for lunch today? Let's grab some coffee around 1 PM. Ref #1417"
ham,"Hey, are you free for lunch today? Let's grab some coffee around 1 PM."
ham,Can you send me the lecture slides from yesterday's machine learning class? Thanks!
ham,"Thanks for helping out with the data preprocessing script yesterday, it worked like a charm! Ref #1420"
ham,Can we reschedule our project discussion to tomorrow morning at 10 AM?
spam,Your account security has been compromised! Click http://bit.ly/secure-bank-login to verify your credentials within 24 hours.
ham,"I'll be arriving home in about 20 minutes, do you need anything from the grocery store? Ref #1423"
ham,Don't forget to push your latest git branch before today's standup meeting.
ham,"Hey, are you free for lunch today? Let's grab some coffee around 1 PM."
ham,Can we reschedule our project discussion to tomorrow morning at 10 AM? Ref #1426
ham,"Hey mom, I reached safely at the hotel. Will call you tonight after dinner."
ham,Sounds good to me! Let's review the quarterly metrics during our 3 PM sync.
ham,"Hey, are you free for lunch today? Let's grab some coffee around 1 PM. Ref #1429"
spam,Your account security has been compromised! Click http://bit.ly/secure-bank-login to verify your credentials within 24 hours.
ham,Sounds good to me! Let's review the quarterly metrics during our 3 PM sync.
ham,"Hey, are you free for lunch today? Let's grab some coffee around 1 PM. Ref #1432"
spam,Free entry in 2 a wkly comp to win FA Cup final tkts 21st May 2005. Text FA to 87121 to receive entry question(std txt rate)T&C's apply 08452810075over18's
ham,Don't forget to push your latest git branch before today's standup meeting.
ham,"Thanks for helping out with the data preprocessing script yesterday, it worked like a charm! Ref #1435"
spam,Free entry in 2 a wkly comp to win FA Cup final tkts 21st May 2005. Text FA to 87121 to receive entry question(std txt rate)T&C's apply 08452810075over18's
ham,Can you send me the lecture slides from yesterday's machine learning class? Thanks!
spam,"SIX chances to win CASH! From 100 to 20,000 pounds txt> CSH11 and send to 87575. Cost 150p/day 6days. 16+ TsandCs apply. Ref #1438"
ham,Don't forget to push your latest git branch before today's standup meeting.
ham,Sounds good to me! Let's review the quarterly metrics during our 3 PM sync.
ham,Please find attached the signed non-disclosure agreement for your records. Ref #1441
ham,"Hey mom, I reached safely at the hotel. Will call you tonight after dinner."
ham,Please find attached the signed non-disclosure agreement for your records.
ham,Please find attached the signed non-disclosure agreement for your records. Ref #1444
ham,Can you send me the lecture slides from yesterday's machine learning class? Thanks!
ham,"Thanks for helping out with the data preprocessing script yesterday, it worked like a charm!"
ham,Don't forget to push your latest git branch before today's standup meeting. Ref #1447
ham,Sounds good to me! Let's review the quarterly metrics during our 3 PM sync.
ham,"Thanks for helping out with the data preprocessing script yesterday, it worked like a charm!"
ham,"Hey, are you free for lunch today? Let's grab some coffee around 1 PM. Ref #1450"
ham,Please find attached the signed non-disclosure agreement for your records.
spam,"SIX chances to win CASH! From 100 to 20,000 pounds txt> CSH11 and send to 87575. Cost 150p/day 6days. 16+ TsandCs apply."
ham,"Thanks for helping out with the data preprocessing script yesterday, it worked like a charm! Ref #1453"
ham,Can we reschedule our project discussion to tomorrow morning at 10 AM?
spam,"Congratulations! You've been chosen for an exclusive loan offer up to $50,000 with 0% interest. Reply YES to accept immediately."
ham,Don't forget to push your latest git branch before today's standup meeting. Ref #1456
spam,Hot singles in your area want to meet you tonight! Call 09099726395 to chat live now. 18+ only.
ham,"Hey mom, I reached safely at the hotel. Will call you tonight after dinner."
ham,"Thanks for helping out with the data preprocessing script yesterday, it worked like a charm! Ref #1459"
ham,Happy Birthday! Wishing you an amazing year ahead filled with joy and success!
ham,Please find attached the signed non-disclosure agreement for your records.
ham,Sounds good to me! Let's review the quarterly metrics during our 3 PM sync. Ref #1462
ham,"I'll be arriving home in about 20 minutes, do you need anything from the grocery store?"
ham,Happy Birthday! Wishing you an amazing year ahead filled with joy and success!
ham,"Hey mom, I reached safely at the hotel. Will call you tonight after dinner. Ref #1465"
ham,Can you send me the lecture slides from yesterday's machine learning class? Thanks!
ham,"Hey, are you free for lunch today? Let's grab some coffee around 1 PM."
ham,"I'll be arriving home in about 20 minutes, do you need anything from the grocery store? Ref #1468"
ham,Happy Birthday! Wishing you an amazing year ahead filled with joy and success!
ham,"Hey mom, I reached safely at the hotel. Will call you tonight after dinner."
spam,"URGENT! You have won a 1 week FREE membership in our £100,000 Prize Draw! Call 09064012103 now to claim! Ref #1471"
ham,"Hey mom, I reached safely at the hotel. Will call you tonight after dinner."
ham,Can you send me the lecture slides from yesterday's machine learning class? Thanks!
ham,Can we reschedule our project discussion to tomorrow morning at 10 AM? Ref #1474
ham,Happy Birthday! Wishing you an amazing year ahead filled with joy and success!
spam,Your account security has been compromised! Click http://bit.ly/secure-bank-login to verify your credentials within 24 hours.
ham,"Thanks for helping out with the data preprocessing script yesterday, it worked like a charm! Ref #1477"
ham,"Hey, are you free for lunch today? Let's grab some coffee around 1 PM."
ham,Can we reschedule our project discussion to tomorrow morning at 10 AM?
ham,"Thanks for helping out with the data preprocessing script yesterday, it worked like a charm! Ref #1480"
ham,"Hey, are you free for lunch today? Let's grab some coffee around 1 PM."
spam,URGENT: Your mobile parcel delivery #982344 is on hold. Pay $1.99 redelivery fee at http://parcel-tracker-support.info
ham,"Hey, are you free for lunch today? Let's grab some coffee around 1 PM. Ref #1483"
ham,Can you send me the lecture slides from yesterday's machine learning class? Thanks!
ham,"Hey, are you free for lunch today? Let's grab some coffee around 1 PM."
ham,"Hey mom, I reached safely at the hotel. Will call you tonight after dinner. Ref #1486"
ham,Don't forget to push your latest git branch before today's standup meeting.
ham,Can we reschedule our project discussion to tomorrow morning at 10 AM?
ham,Please find attached the signed non-disclosure agreement for your records. Ref #1489
ham,Can you send me the lecture slides from yesterday's machine learning class? Thanks!
ham,Can we reschedule our project discussion to tomorrow morning at 10 AM?
ham,Can you send me the lecture slides from yesterday's machine learning class? Thanks! Ref #1492
ham,"Thanks for helping out with the data preprocessing script yesterday, it worked like a charm!"
spam,"Claim your complimentary Walmart $1,000 Gift Card today! Visit http://promo-giftcard.net before stock runs out."
ham,Can we reschedule our project discussion to tomorrow morning at 10 AM? Ref #1495
ham,"Thanks for helping out with the data preprocessing script yesterday, it worked like a charm!"
spam,"Congratulations! You've been chosen for an exclusive loan offer up to $50,000 with 0% interest. Reply YES to accept immediately."
ham,"Hey, are you free for lunch today? Let's grab some coffee around 1 PM. Ref #1498"
ham,"Thanks for helping out with the data preprocessing script yesterday, it worked like a charm!"
spam,URGENT: Your mobile parcel delivery #982344 is on hold. Pay $1.99 redelivery fee at http://parcel-tracker-support.info
ham,"Thanks for helping out with the data preprocessing script yesterday, it worked like a charm! Ref #1501"
ham,Don't forget to push your latest git branch before today's standup meeting.
ham,"Hey mom, I reached safely at the hotel. Will call you tonight after dinner."
ham,Can we reschedule our project discussion to tomorrow morning at 10 AM? Ref #1504
ham,Can we reschedule our project discussion to tomorrow morning at 10 AM?
ham,"Hey, are you free for lunch today? Let's grab some coffee around 1 PM."
ham,"I'll be arriving home in about 20 minutes, do you need anything from the grocery store? Ref #1507"
spam,"SIX chances to win CASH! From 100 to 20,000 pounds txt> CSH11 and send to 87575. Cost 150p/day 6days. 16+ TsandCs apply."
ham,Can you send me the lecture slides from yesterday's machine learning class? Thanks!
ham,Sounds good to me! Let's review the quarterly metrics during our 3 PM sync. Ref #1510
ham,Please find attached the signed non-disclosure agreement for your records.
ham,"I'll be arriving home in about 20 minutes, do you need anything from the grocery store?"
ham,Don't forget to push your latest git branch before today's standup meeting. Ref #1513
ham,"Hey mom, I reached safely at the hotel. Will call you tonight after dinner."
ham,Happy Birthday! Wishing you an amazing year ahead filled with joy and success!
ham,"I'll be arriving home in about 20 minutes, do you need anything from the grocery store? Ref #1516"
ham,"Hey mom, I reached safely at the hotel. Will call you tonight after dinner."
ham,"Hey, are you free for lunch today? Let's grab some coffee around 1 PM."
ham,"Thanks for helping out with the data preprocessing script yesterday, it worked like a charm! Ref #1519"
ham,Can we reschedule our project discussion to tomorrow morning at 10 AM?
ham,"Hey, are you free for lunch today? Let's grab some coffee around 1 PM."
ham,"Hey, are you free for lunch today? Let's grab some coffee around 1 PM. Ref #1522"
ham,"Thanks for helping out with the data preprocessing script yesterday, it worked like a charm!"
ham,Happy Birthday! Wishing you an amazing year ahead filled with joy and success!
ham,"Hey mom, I reached safely at the hotel. Will call you tonight after dinner. Ref #1525"
ham,Don't forget to push your latest git branch before today's standup meeting.
spam,WINNER!! As a valued network customer you have been selected to receive a £900 prize reward! To claim call 09061701461. Claim code KL341. Valid 12 hours only.
ham,"Hey mom, I reached safely at the hotel. Will call you tonight after dinner. Ref #1528"
ham,Sounds good to me! Let's review the quarterly metrics during our 3 PM sync.
ham,Happy Birthday! Wishing you an amazing year ahead filled with joy and success!
ham,"Hey, are you free for lunch today? Let's grab some coffee around 1 PM. Ref #1531"
ham,"Hey mom, I reached safely at the hotel. Will call you tonight after dinner."
ham,Can we reschedule our project discussion to tomorrow morning at 10 AM?
spam,Your account security has been compromised! Click http://bit.ly/secure-bank-login to verify your credentials within 24 hours. Ref #1534
spam,Hot singles in your area want to meet you tonight! Call 09099726395 to chat live now. 18+ only.
ham,"Thanks for helping out with the data preprocessing script yesterday, it worked like a charm!"
ham,Happy Birthday! Wishing you an amazing year ahead filled with joy and success! Ref #1537
ham,Please find attached the signed non-disclosure agreement for your records.
ham,Please find attached the signed non-disclosure agreement for your records.
ham,Please find attached the signed non-disclosure agreement for your records. Ref #1540
ham,Can you send me the lecture slides from yesterday's machine learning class? Thanks!
ham,"Hey, are you free for lunch today? Let's grab some coffee around 1 PM."
spam,Free entry in 2 a wkly comp to win FA Cup final tkts 21st May 2005. Text FA to 87121 to receive entry question(std txt rate)T&C's apply 08452810075over18's Ref #1543
ham,Sounds good to me! Let's review the quarterly metrics during our 3 PM sync.
ham,Don't forget to push your latest git branch before today's standup meeting.
ham,Can we reschedule our project discussion to tomorrow morning at 10 AM? Ref #1546
ham,"Hey mom, I reached safely at the hotel. Will call you tonight after dinner."
ham,"Thanks for helping out with the data preprocessing script yesterday, it worked like a charm!"
ham,Sounds good to me! Let's review the quarterly metrics during our 3 PM sync. Ref #1549
ham,Please find attached the signed non-disclosure agreement for your records.
spam,Free entry in 2 a wkly comp to win FA Cup final tkts 21st May 2005. Text FA to 87121 to receive entry question(std txt rate)T&C's apply 08452810075over18's
ham,Don't forget to push your latest git branch before today's standup meeting. Ref #1552
spam,WINNER!! As a valued network customer you have been selected to receive a £900 prize reward! To claim call 09061701461. Claim code KL341. Valid 12 hours only.
ham,Can you send me the lecture slides from yesterday's machine learning class? Thanks!
spam,Hot singles in your area want to meet you tonight! Call 09099726395 to chat live now. 18+ only. Ref #1555
ham,"Hey, are you free for lunch today? Let's grab some coffee around 1 PM."
ham,"Thanks for helping out with the data preprocessing script yesterday, it worked like a charm!"
ham,Can we reschedule our project discussion to tomorrow morning at 10 AM? Ref #1558
spam,WINNER!! As a valued network customer you have been selected to receive a £900 prize reward! To claim call 09061701461. Claim code KL341. Valid 12 hours only.
ham,"I'll be arriving home in about 20 minutes, do you need anything from the grocery store?"
ham,Can you send me the lecture slides from yesterday's machine learning class? Thanks! Ref #1561
spam,"Congratulations! You've been chosen for an exclusive loan offer up to $50,000 with 0% interest. Reply YES to accept immediately."
spam,"URGENT! You have won a 1 week FREE membership in our £100,000 Prize Draw! Call 09064012103 now to claim!"
spam,You have 1 new voicemail! To listen to your message call 08712400603 from your mobile. Calls cost £1.50/min. Ref #1564
ham,"Hey, are you free for lunch today? Let's grab some coffee around 1 PM."
ham,"Thanks for helping out with the data preprocessing script yesterday, it worked like a charm!"
ham,Sounds good to me! Let's review the quarterly metrics during our 3 PM sync. Ref #1567
ham,Sounds good to me! Let's review the quarterly metrics during our 3 PM sync.
ham,"Hey mom, I reached safely at the hotel. Will call you tonight after dinner."
ham,Can you send me the lecture slides from yesterday's machine learning class? Thanks! Ref #1570
ham,Please find attached the signed non-disclosure agreement for your records.
spam,You have 1 new voicemail! To listen to your message call 08712400603 from your mobile. Calls cost £1.50/min.
spam,You have 1 new voicemail! To listen to your message call 08712400603 from your mobile. Calls cost £1.50/min. Ref #1573
ham,"Hey, are you free for lunch today? Let's grab some coffee around 1 PM."
ham,Sounds good to me! Let's review the quarterly metrics during our 3 PM sync.
ham,Can we reschedule our project discussion to tomorrow morning at 10 AM? Ref #1576
spam,"Congratulations! You've been chosen for an exclusive loan offer up to $50,000 with 0% interest. Reply YES to accept immediately."
ham,"I'll be arriving home in about 20 minutes, do you need anything from the grocery store?"
ham,Can you send me the lecture slides from yesterday's machine learning class? Thanks! Ref #1579
ham,Can you send me the lecture slides from yesterday's machine learning class? Thanks!
ham,Don't forget to push your latest git branch before today's standup meeting.
ham,Can you send me the lecture slides from yesterday's machine learning class? Thanks! Ref #1582
ham,Can we reschedule our project discussion to tomorrow morning at 10 AM?
spam,URGENT: Your mobile parcel delivery #982344 is on hold. Pay $1.99 redelivery fee at http://parcel-tracker-support.info
ham,Can you send me the lecture slides from yesterday's machine learning class? Thanks! Ref #1585
ham,"Thanks for helping out with the data preprocessing script yesterday, it worked like a charm!"
ham,Can we reschedule our project discussion to tomorrow morning at 10 AM?
spam,URGENT: Your mobile parcel delivery #982344 is on hold. Pay $1.99 redelivery fee at http://parcel-tracker-support.info Ref #1588
ham,"Hey mom, I reached safely at the hotel. Will call you tonight after dinner."
ham,Can you send me the lecture slides from yesterday's machine learning class? Thanks!
ham,Please find attached the signed non-disclosure agreement for your records. Ref #1591
ham,Can you send me the lecture slides from yesterday's machine learning class? Thanks!
spam,You have 1 new voicemail! To listen to your message call 08712400603 from your mobile. Calls cost £1.50/min.
ham,Can we reschedule our project discussion to tomorrow morning at 10 AM? Ref #1594
ham,Can you send me the lecture slides from yesterday's machine learning class? Thanks!
ham,"I'll be arriving home in about 20 minutes, do you need anything from the grocery store?"
spam,Free entry in 2 a wkly comp to win FA Cup final tkts 21st May 2005. Text FA to 87121 to receive entry question(std txt rate)T&C's apply 08452810075over18's Ref #1597
spam,"URGENT! You have won a 1 week FREE membership in our £100,000 Prize Draw! Call 09064012103 now to claim!"
ham,Sounds good to me! Let's review the quarterly metrics during our 3 PM sync.
ham,"Thanks for helping out with the data preprocessing script yesterday, it worked like a charm! Ref #1600"
ham,Happy Birthday! Wishing you an amazing year ahead filled with joy and success!
ham,Happy Birthday! Wishing you an amazing year ahead filled with joy and success!
ham,Don't forget to push your latest git branch before today's standup meeting. Ref #1603
ham,"Hey, are you free for lunch today? Let's grab some coffee around 1 PM."
spam,URGENT: Your mobile parcel delivery #982344 is on hold. Pay $1.99 redelivery fee at http://parcel-tracker-support.info
ham,Don't forget to push your latest git branch before today's standup meeting. Ref #1606
ham,Sounds good to me! Let's review the quarterly metrics during our 3 PM sync.
spam,"URGENT! You have won a 1 week FREE membership in our £100,000 Prize Draw! Call 09064012103 now to claim!"
ham,Happy Birthday! Wishing you an amazing year ahead filled with joy and success! Ref #1609
spam,Hot singles in your area want to meet you tonight! Call 09099726395 to chat live now. 18+ only.
ham,Please find attached the signed non-disclosure agreement for your records.
ham,Sounds good to me! Let's review the quarterly metrics during our 3 PM sync. Ref #1612
spam,Your account security has been compromised! Click http://bit.ly/secure-bank-login to verify your credentials within 24 hours.
ham,"Thanks for helping out with the data preprocessing script yesterday, it worked like a charm!"
ham,Can you send me the lecture slides from yesterday's machine learning class? Thanks! Ref #1615
ham,Don't forget to push your latest git branch before today's standup meeting.
spam,URGENT: Your mobile parcel delivery #982344 is on hold. Pay $1.99 redelivery fee at http://parcel-tracker-support.info
ham,"Hey mom, I reached safely at the hotel. Will call you tonight after dinner. Ref #1618"
ham,Please find attached the signed non-disclosure agreement for your records.
spam,Hot singles in your area want to meet you tonight! Call 09099726395 to chat live now. 18+ only.
ham,"Hey, are you free for lunch today? Let's grab some coffee around 1 PM. Ref #1621"
ham,"Thanks for helping out with the data preprocessing script yesterday, it worked like a charm!"
ham,Sounds good to me! Let's review the quarterly metrics during our 3 PM sync.
ham,Can we reschedule our project discussion to tomorrow morning at 10 AM? Ref #1624
ham,"I'll be arriving home in about 20 minutes, do you need anything from the grocery store?"
ham,"Hey, are you free for lunch today? Let's grab some coffee around 1 PM."
ham,Please find attached the signed non-disclosure agreement for your records. Ref #1627
ham,Can you send me the lecture slides from yesterday's machine learning class? Thanks!
ham,"Thanks for helping out with the data preprocessing script yesterday, it worked like a charm!"
ham,"I'll be arriving home in about 20 minutes, do you need anything from the grocery store? Ref #1630"
ham,"Thanks for helping out with the data preprocessing script yesterday, it worked like a charm!"
ham,Happy Birthday! Wishing you an amazing year ahead filled with joy and success!
ham,Sounds good to me! Let's review the quarterly metrics during our 3 PM sync. Ref #1633
spam,Hot singles in your area want to meet you tonight! Call 09099726395 to chat live now. 18+ only.
ham,Happy Birthday! Wishing you an amazing year ahead filled with joy and success!
spam,WINNER!! As a valued network customer you have been selected to receive a £900 prize reward! To claim call 09061701461. Claim code KL341. Valid 12 hours only. Ref #1636
ham,Happy Birthday! Wishing you an amazing year ahead filled with joy and success!
ham,Happy Birthday! Wishing you an amazing year ahead filled with joy and success!
ham,Can you send me the lecture slides from yesterday's machine learning class? Thanks! Ref #1639
ham,"Hey mom, I reached safely at the hotel. Will call you tonight after dinner."
ham,Sounds good to me! Let's review the quarterly metrics during our 3 PM sync.
spam,WINNER!! As a valued network customer you have been selected to receive a £900 prize reward! To claim call 09061701461. Claim code KL341. Valid 12 hours only. Ref #1642
spam,"Congratulations! You've been chosen for an exclusive loan offer up to $50,000 with 0% interest. Reply YES to accept immediately."
ham,Can you send me the lecture slides from yesterday's machine learning class? Thanks!
ham,"I'll be arriving home in about 20 minutes, do you need anything from the grocery store? Ref #1645"
ham,"Thanks for helping out with the data preprocessing script yesterday, it worked like a charm!"
ham,"Thanks for helping out with the data preprocessing script yesterday, it worked like a charm!"
ham,"Hey, are you free for lunch today? Let's grab some coffee around 1 PM. Ref #1648"
ham,"I'll be arriving home in about 20 minutes, do you need anything from the grocery store?"
ham,"Hey, are you free for lunch today? Let's grab some coffee around 1 PM."
ham,Happy Birthday! Wishing you an amazing year ahead filled with joy and success! Ref #1651
ham,Happy Birthday! Wishing you an amazing year ahead filled with joy and success!
ham,Don't forget to push your latest git branch before today's standup meeting.
ham,"Hey mom, I reached safely at the hotel. Will call you tonight after dinner. Ref #1654"
ham,Sounds good to me! Let's review the quarterly metrics during our 3 PM sync.
ham,Please find attached the signed non-disclosure agreement for your records.
ham,Can we reschedule our project discussion to tomorrow morning at 10 AM? Ref #1657
spam,"Congratulations! You've been chosen for an exclusive loan offer up to $50,000 with 0% interest. Reply YES to accept immediately."
ham,Can you send me the lecture slides from yesterday's machine learning class? Thanks!
ham,Can we reschedule our project discussion to tomorrow morning at 10 AM? Ref #1660
ham,"Hey, are you free for lunch today? Let's grab some coffee around 1 PM."
ham,"Thanks for helping out with the data preprocessing script yesterday, it worked like a charm!"
ham,"Thanks for helping out with the data preprocessing script yesterday, it worked like a charm! Ref #1663"
ham,"Hey mom, I reached safely at the hotel. Will call you tonight after dinner."
ham,Can we reschedule our project discussion to tomorrow morning at 10 AM?
ham,Can you send me the lecture slides from yesterday's machine learning class? Thanks! Ref #1666
ham,Sounds good to me! Let's review the quarterly metrics during our 3 PM sync.
spam,Free entry in 2 a wkly comp to win FA Cup final tkts 21st May 2005. Text FA to 87121 to receive entry question(std txt rate)T&C's apply 08452810075over18's
ham,Don't forget to push your latest git branch before today's standup meeting. Ref #1669
spam,"URGENT! You have won a 1 week FREE membership in our £100,000 Prize Draw! Call 09064012103 now to claim!"
ham,"Hey, are you free for lunch today? Let's grab some coffee around 1 PM."
ham,"Hey, are you free for lunch today? Let's grab some coffee around 1 PM. Ref #1672"
spam,URGENT: Your mobile parcel delivery #982344 is on hold. Pay $1.99 redelivery fee at http://parcel-tracker-support.info
spam,WINNER!! As a valued network customer you have been selected to receive a £900 prize reward! To claim call 09061701461. Claim code KL341. Valid 12 hours only.
ham,Don't forget to push your latest git branch before today's standup meeting. Ref #1675
ham,Don't forget to push your latest git branch before today's standup meeting.
ham,Can we reschedule our project discussion to tomorrow morning at 10 AM?
spam,"URGENT! You have won a 1 week FREE membership in our £100,000 Prize Draw! Call 09064012103 now to claim! Ref #1678"
ham,"I'll be arriving home in about 20 minutes, do you need anything from the grocery store?"
ham,Can we reschedule our project discussion to tomorrow morning at 10 AM?
ham,Can you send me the lecture slides from yesterday's machine learning class? Thanks! Ref #1681
ham,"Hey, are you free for lunch today? Let's grab some coffee around 1 PM."
spam,Hot singles in your area want to meet you tonight! Call 09099726395 to chat live now. 18+ only.
ham,Can we reschedule our project discussion to tomorrow morning at 10 AM? Ref #1684
ham,Don't forget to push your latest git branch before today's standup meeting.
ham,Don't forget to push your latest git branch before today's standup meeting.
ham,"I'll be arriving home in about 20 minutes, do you need anything from the grocery store? Ref #1687"
ham,"Thanks for helping out with the data preprocessing script yesterday, it worked like a charm!"
ham,Sounds good to me! Let's review the quarterly metrics during our 3 PM sync.
ham,Sounds good to me! Let's review the quarterly metrics during our 3 PM sync. Ref #1690
ham,"Hey mom, I reached safely at the hotel. Will call you tonight after dinner."
ham,Sounds good to me! Let's review the quarterly metrics during our 3 PM sync.
ham,"Hey, are you free for lunch today? Let's grab some coffee around 1 PM. Ref #1693"
ham,"Hey mom, I reached safely at the hotel. Will call you tonight after dinner."
ham,"I'll be arriving home in about 20 minutes, do you need anything from the grocery store?"
spam,Hot singles in your area want to meet you tonight! Call 09099726395 to chat live now. 18+ only. Ref #1696
ham,Can you send me the lecture slides from yesterday's machine learning class? Thanks!
ham,"Thanks for helping out with the data preprocessing script yesterday, it worked like a charm!"
ham,Happy Birthday! Wishing you an amazing year ahead filled with joy and success! Ref #1699
ham,Sounds good to me! Let's review the quarterly metrics during our 3 PM sync.
ham,Can you send me the lecture slides from yesterday's machine learning class? Thanks!
ham,"I'll be arriving home in about 20 minutes, do you need anything from the grocery store? Ref #1702"
ham,Sounds good to me! Let's review the quarterly metrics during our 3 PM sync.
ham,Please find attached the signed non-disclosure agreement for your records.
ham,Happy Birthday! Wishing you an amazing year ahead filled with joy and success! Ref #1705
spam,"Claim your complimentary Walmart $1,000 Gift Card today! Visit http://promo-giftcard.net before stock runs out."
spam,Free entry in 2 a wkly comp to win FA Cup final tkts 21st May 2005. Text FA to 87121 to receive entry question(std txt rate)T&C's apply 08452810075over18's
ham,"Hey mom, I reached safely at the hotel. Will call you tonight after dinner. Ref #1708"
ham,"Hey mom, I reached safely at the hotel. Will call you tonight after dinner."
ham,Sounds good to me! Let's review the quarterly metrics during our 3 PM sync.
ham,"Thanks for helping out with the data preprocessing script yesterday, it worked like a charm! Ref #1711"
ham,"Hey, are you free for lunch today? Let's grab some coffee around 1 PM."
spam,WINNER!! As a valued network customer you have been selected to receive a £900 prize reward! To claim call 09061701461. Claim code KL341. Valid 12 hours only.
ham,Can you send me the lecture slides from yesterday's machine learning class? Thanks! Ref #1714
ham,"Hey mom, I reached safely at the hotel. Will call you tonight after dinner."
ham,Happy Birthday! Wishing you an amazing year ahead filled with joy and success!
ham,"Hey mom, I reached safely at the hotel. Will call you tonight after dinner. Ref #1717"
ham,"Hey mom, I reached safely at the hotel. Will call you tonight after dinner."
ham,Happy Birthday! Wishing you an amazing year ahead filled with joy and success!
ham,Happy Birthday! Wishing you an amazing year ahead filled with joy and success! Ref #1720
ham,"Hey mom, I reached safely at the hotel. Will call you tonight after dinner."
ham,Don't forget to push your latest git branch before today's standup meeting.
ham,"Thanks for helping out with the data preprocessing script yesterday, it worked like a charm! Ref #1723"
spam,"URGENT! You have won a 1 week FREE membership in our £100,000 Prize Draw! Call 09064012103 now to claim!"
ham,"Hey, are you free for lunch today? Let's grab some coffee around 1 PM."
ham,"Hey, are you free for lunch today? Let's grab some coffee around 1 PM. Ref #1726"
ham,Please find attached the signed non-disclosure agreement for your records.
ham,Can you send me the lecture slides from yesterday's machine learning class? Thanks!
ham,Please find attached the signed non-disclosure agreement for your records. Ref #1729
ham,Can you send me the lecture slides from yesterday's machine learning class? Thanks!
ham,Please find attached the signed non-disclosure agreement for your records.
ham,"Hey, are you free for lunch today? Let's grab some coffee around 1 PM. Ref #1732"
ham,"I'll be arriving home in about 20 minutes, do you need anything from the grocery store?"
ham,Happy Birthday! Wishing you an amazing year ahead filled with joy and success!
ham,Can we reschedule our project discussion to tomorrow morning at 10 AM? Ref #1735
ham,Happy Birthday! Wishing you an amazing year ahead filled with joy and success!
ham,"Thanks for helping out with the data preprocessing script yesterday, it worked like a charm!"
ham,Don't forget to push your latest git branch before today's standup meeting. Ref #1738
ham,Can we reschedule our project discussion to tomorrow morning at 10 AM?
ham,Don't forget to push your latest git branch before today's standup meeting.
ham,"Hey mom, I reached safely at the hotel. Will call you tonight after dinner. Ref #1741"
ham,"I'll be arriving home in about 20 minutes, do you need anything from the grocery store?"
spam,You have 1 new voicemail! To listen to your message call 08712400603 from your mobile. Calls cost £1.50/min.
ham,Can you send me the lecture slides from yesterday's machine learning class? Thanks! Ref #1744
spam,"Claim your complimentary Walmart $1,000 Gift Card today! Visit http://promo-giftcard.net before stock runs out."
ham,Happy Birthday! Wishing you an amazing year ahead filled with joy and success!
ham,Please find attached the signed non-disclosure agreement for your records. Ref #1747
ham,Don't forget to push your latest git branch before today's standup meeting.
ham,Can we reschedule our project discussion to tomorrow morning at 10 AM?
ham,"I'll be arriving home in about 20 minutes, do you need anything from the grocery store? Ref #1750"
ham,"Hey mom, I reached safely at the hotel. Will call you tonight after dinner."
ham,"Hey mom, I reached safely at the hotel. Will call you tonight after dinner."
ham,"Thanks for helping out with the data preprocessing script yesterday, it worked like a charm! Ref #1753"
ham,"I'll be arriving home in about 20 minutes, do you need anything from the grocery store?"
spam,"SIX chances to win CASH! From 100 to 20,000 pounds txt> CSH11 and send to 87575. Cost 150p/day 6days. 16+ TsandCs apply."
ham,"Hey mom, I reached safely at the hotel. Will call you tonight after dinner. Ref #1756"
spam,"URGENT! You have won a 1 week FREE membership in our £100,000 Prize Draw! Call 09064012103 now to claim!"
ham,"Hey, are you free for lunch today? Let's grab some coffee around 1 PM."
ham,Please find attached the signed non-disclosure agreement for your records. Ref #1759
ham,Don't forget to push your latest git branch before today's standup meeting.
ham,Don't forget to push your latest git branch before today's standup meeting.
ham,Can you send me the lecture slides from yesterday's machine learning class? Thanks! Ref #1762
ham,Happy Birthday! Wishing you an amazing year ahead filled with joy and success!
ham,Sounds good to me! Let's review the quarterly metrics during our 3 PM sync.
ham,Don't forget to push your latest git branch before today's standup meeting. Ref #1765
ham,Can you send me the lecture slides from yesterday's machine learning class? Thanks!
ham,Can we reschedule our project discussion to tomorrow morning at 10 AM?
ham,"I'll be arriving home in about 20 minutes, do you need anything from the grocery store? Ref #1768"
ham,"I'll be arriving home in about 20 minutes, do you need anything from the grocery store?"
ham,"Thanks for helping out with the data preprocessing script yesterday, it worked like a charm!"
ham,"Hey, are you free for lunch today? Let's grab some coffee around 1 PM. Ref #1771"
spam,URGENT: Your mobile parcel delivery #982344 is on hold. Pay $1.99 redelivery fee at http://parcel-tracker-support.info
ham,Can we reschedule our project discussion to tomorrow morning at 10 AM?
ham,Can you send me the lecture slides from yesterday's machine learning class? Thanks! Ref #1774
ham,Sounds good to me! Let's review the quarterly metrics during our 3 PM sync.
spam,Hot singles in your area want to meet you tonight! Call 09099726395 to chat live now. 18+ only.
ham,"Thanks for helping out with the data preprocessing script yesterday, it worked like a charm! Ref #1777"
ham,Don't forget to push your latest git branch before today's standup meeting.
ham,"Hey mom, I reached safely at the hotel. Will call you tonight after dinner."
ham,Happy Birthday! Wishing you an amazing year ahead filled with joy and success! Ref #1780
ham,Can you send me the lecture slides from yesterday's machine learning class? Thanks!
ham,Sounds good to me! Let's review the quarterly metrics during our 3 PM sync.
ham,"Thanks for helping out with the data preprocessing script yesterday, it worked like a charm! Ref #1783"
ham,Don't forget to push your latest git branch before today's standup meeting.
ham,Please find attached the signed non-disclosure agreement for your records.
spam,You have 1 new voicemail! To listen to your message call 08712400603 from your mobile. Calls cost £1.50/min. Ref #1786
ham,Happy Birthday! Wishing you an amazing year ahead filled with joy and success!
ham,Don't forget to push your latest git branch before today's standup meeting.
ham,"Hey, are you free for lunch today? Let's grab some coffee around 1 PM. Ref #1789"
ham,"Hey mom, I reached safely at the hotel. Will call you tonight after dinner."
ham,Happy Birthday! Wishing you an amazing year ahead filled with joy and success!
ham,Sounds good to me! Let's review the quarterly metrics during our 3 PM sync. Ref #1792
ham,"Hey, are you free for lunch today? Let's grab some coffee around 1 PM."
ham,"Thanks for helping out with the data preprocessing script yesterday, it worked like a charm!"
ham,"Hey mom, I reached safely at the hotel. Will call you tonight after dinner. Ref #1795"
ham,Don't forget to push your latest git branch before today's standup meeting.
ham,Can you send me the lecture slides from yesterday's machine learning class? Thanks!
spam,"Congratulations! You've been chosen for an exclusive loan offer up to $50,000 with 0% interest. Reply YES to accept immediately. Ref #1798"
ham,"Hey, are you free for lunch today? Let's grab some coffee around 1 PM."
spam,Your account security has been compromised! Click http://bit.ly/secure-bank-login to verify your credentials within 24 hours.
ham,Sounds good to me! Let's review the quarterly metrics during our 3 PM sync. Ref #1801
spam,"SIX chances to win CASH! From 100 to 20,000 pounds txt> CSH11 and send to 87575. Cost 150p/day 6days. 16+ TsandCs apply."
spam,You have 1 new voicemail! To listen to your message call 08712400603 from your mobile. Calls cost £1.50/min.
ham,Can you send me the lecture slides from yesterday's machine learning class? Thanks! Ref #1804
ham,Can you send me the lecture slides from yesterday's machine learning class? Thanks!
ham,Happy Birthday! Wishing you an amazing year ahead filled with joy and success!
ham,"Thanks for helping out with the data preprocessing script yesterday, it worked like a charm! Ref #1807"
ham,Can you send me the lecture slides from yesterday's machine learning class? Thanks!
ham,"Hey mom, I reached safely at the hotel. Will call you tonight after dinner."
spam,Free entry in 2 a wkly comp to win FA Cup final tkts 21st May 2005. Text FA to 87121 to receive entry question(std txt rate)T&C's apply 08452810075over18's Ref #1810
ham,Please find attached the signed non-disclosure agreement for your records.
ham,"Thanks for helping out with the data preprocessing script yesterday, it worked like a charm!"
ham,"Hey, are you free for lunch today? Let's grab some coffee around 1 PM. Ref #1813"
ham,"Hey mom, I reached safely at the hotel. Will call you tonight after dinner."
ham,"Hey mom, I reached safely at the hotel. Will call you tonight after dinner."
ham,"Hey, are you free for lunch today? Let's grab some coffee around 1 PM. Ref #1816"
ham,Please find attached the signed non-disclosure agreement for your records.
ham,Can you send me the lecture slides from yesterday's machine learning class? Thanks!
ham,Please find attached the signed non-disclosure agreement for your records. Ref #1819
ham,"Thanks for helping out with the data preprocessing script yesterday, it worked like a charm!"
ham,"Thanks for helping out with the data preprocessing script yesterday, it worked like a charm!"
ham,Don't forget to push your latest git branch before today's standup meeting. Ref #1822
ham,"I'll be arriving home in about 20 minutes, do you need anything from the grocery store?"
ham,Sounds good to me! Let's review the quarterly metrics during our 3 PM sync.
ham,Happy Birthday! Wishing you an amazing year ahead filled with joy and success! Ref #1825
spam,WINNER!! As a valued network customer you have been selected to receive a £900 prize reward! To claim call 09061701461. Claim code KL341. Valid 12 hours only.
ham,"Hey mom, I reached safely at the hotel. Will call you tonight after dinner."
ham,"Hey, are you free for lunch today? Let's grab some coffee around 1 PM. Ref #1828"
ham,Happy Birthday! Wishing you an amazing year ahead filled with joy and success!
spam,Hot singles in your area want to meet you tonight! Call 09099726395 to chat live now. 18+ only.
spam,WINNER!! As a valued network customer you have been selected to receive a £900 prize reward! To claim call 09061701461. Claim code KL341. Valid 12 hours only. Ref #1831
ham,Don't forget to push your latest git branch before today's standup meeting.
ham,"Hey mom, I reached safely at the hotel. Will call you tonight after dinner."
ham,Happy Birthday! Wishing you an amazing year ahead filled with joy and success! Ref #1834
ham,"Hey, are you free for lunch today? Let's grab some coffee around 1 PM."
spam,Your account security has been compromised! Click http://bit.ly/secure-bank-login to verify your credentials within 24 hours.
ham,Sounds good to me! Let's review the quarterly metrics during our 3 PM sync. Ref #1837
ham,Please find attached the signed non-disclosure agreement for your records.
ham,Sounds good to me! Let's review the quarterly metrics during our 3 PM sync.
ham,Happy Birthday! Wishing you an amazing year ahead filled with joy and success! Ref #1840
ham,"Hey, are you free for lunch today? Let's grab some coffee around 1 PM."
ham,"Hey mom, I reached safely at the hotel. Will call you tonight after dinner."
spam,"SIX chances to win CASH! From 100 to 20,000 pounds txt> CSH11 and send to 87575. Cost 150p/day 6days. 16+ TsandCs apply. Ref #1843"
ham,Please find attached the signed non-disclosure agreement for your records.
ham,Happy Birthday! Wishing you an amazing year ahead filled with joy and success!
ham,Please find attached the signed non-disclosure agreement for your records. Ref #1846
ham,Can you send me the lecture slides from yesterday's machine learning class? Thanks!
ham,Sounds good to me! Let's review the quarterly metrics during our 3 PM sync.
ham,Happy Birthday! Wishing you an amazing year ahead filled with joy and success! Ref #1849
ham,Can you send me the lecture slides from yesterday's machine learning class? Thanks!
ham,Don't forget to push your latest git branch before today's standup meeting.
ham,Can we reschedule our project discussion to tomorrow morning at 10 AM? Ref #1852
ham,Can you send me the lecture slides from yesterday's machine learning class? Thanks!
ham,Sounds good to me! Let's review the quarterly metrics during our 3 PM sync.
ham,Can we reschedule our project discussion to tomorrow morning at 10 AM? Ref #1855
ham,Sounds good to me! Let's review the quarterly metrics during our 3 PM sync.
ham,Happy Birthday! Wishing you an amazing year ahead filled with joy and success!
ham,"I'll be arriving home in about 20 minutes, do you need anything from the grocery store? Ref #1858"
spam,"Congratulations! You've been chosen for an exclusive loan offer up to $50,000 with 0% interest. Reply YES to accept immediately."
ham,"I'll be arriving home in about 20 minutes, do you need anything from the grocery store?"
spam,Free entry in 2 a wkly comp to win FA Cup final tkts 21st May 2005. Text FA to 87121 to receive entry question(std txt rate)T&C's apply 08452810075over18's Ref #1861
ham,Don't forget to push your latest git branch before today's standup meeting.
ham,"I'll be arriving home in about 20 minutes, do you need anything from the grocery store?"
ham,Please find attached the signed non-disclosure agreement for your records. Ref #1864
ham,Can you send me the lecture slides from yesterday's machine learning class? Thanks!
ham,Don't forget to push your latest git branch before today's standup meeting.
ham,Can we reschedule our project discussion to tomorrow morning at 10 AM? Ref #1867
ham,Please find attached the signed non-disclosure agreement for your records.
ham,Can we reschedule our project discussion to tomorrow morning at 10 AM?
ham,"Hey, are you free for lunch today? Let's grab some coffee around 1 PM. Ref #1870"
ham,Please find attached the signed non-disclosure agreement for your records.
ham,Don't forget to push your latest git branch before today's standup meeting.
ham,Can we reschedule our project discussion to tomorrow morning at 10 AM? Ref #1873
ham,"Thanks for helping out with the data preprocessing script yesterday, it worked like a charm!"
ham,Can we reschedule our project discussion to tomorrow morning at 10 AM?
ham,Sounds good to me! Let's review the quarterly metrics during our 3 PM sync. Ref #1876
ham,Happy Birthday! Wishing you an amazing year ahead filled with joy and success!
ham,Please find attached the signed non-disclosure agreement for your records.
ham,Happy Birthday! Wishing you an amazing year ahead filled with joy and success! Ref #1879
ham,"Thanks for helping out with the data preprocessing script yesterday, it worked like a charm!"
ham,"Hey, are you free for lunch today? Let's grab some coffee around 1 PM."
ham,Sounds good to me! Let's review the quarterly metrics during our 3 PM sync. Ref #1882
ham,"Thanks for helping out with the data preprocessing script yesterday, it worked like a charm!"
ham,Can we reschedule our project discussion to tomorrow morning at 10 AM?
ham,Can you send me the lecture slides from yesterday's machine learning class? Thanks! Ref #1885
ham,Please find attached the signed non-disclosure agreement for your records.
ham,Can you send me the lecture slides from yesterday's machine learning class? Thanks!
ham,"Hey, are you free for lunch today? Let's grab some coffee around 1 PM. Ref #1888"
ham,Can you send me the lecture slides from yesterday's machine learning class? Thanks!
ham,Sounds good to me! Let's review the quarterly metrics during our 3 PM sync.
spam,"Congratulations! You've been chosen for an exclusive loan offer up to $50,000 with 0% interest. Reply YES to accept immediately. Ref #1891"
ham,Can we reschedule our project discussion to tomorrow morning at 10 AM?
ham,Please find attached the signed non-disclosure agreement for your records.
ham,Happy Birthday! Wishing you an amazing year ahead filled with joy and success! Ref #1894
ham,Can you send me the lecture slides from yesterday's machine learning class? Thanks!
ham,Can we reschedule our project discussion to tomorrow morning at 10 AM?
ham,"I'll be arriving home in about 20 minutes, do you need anything from the grocery store? Ref #1897"
ham,Can we reschedule our project discussion to tomorrow morning at 10 AM?
ham,Can we reschedule our project discussion to tomorrow morning at 10 AM?
ham,"I'll be arriving home in about 20 minutes, do you need anything from the grocery store? Ref #1900"
ham,"Hey mom, I reached safely at the hotel. Will call you tonight after dinner."
ham,Can we reschedule our project discussion to tomorrow morning at 10 AM?
ham,Don't forget to push your latest git branch before today's standup meeting. Ref #1903
spam,"URGENT! You have won a 1 week FREE membership in our £100,000 Prize Draw! Call 09064012103 now to claim!"
ham,Happy Birthday! Wishing you an amazing year ahead filled with joy and success!
ham,"Hey mom, I reached safely at the hotel. Will call you tonight after dinner. Ref #1906"
ham,Don't forget to push your latest git branch before today's standup meeting.
ham,Can you send me the lecture slides from yesterday's machine learning class? Thanks!
ham,Sounds good to me! Let's review the quarterly metrics during our 3 PM sync. Ref #1909
ham,"Thanks for helping out with the data preprocessing script yesterday, it worked like a charm!"
ham,"Hey mom, I reached safely at the hotel. Will call you tonight after dinner."
ham,Please find attached the signed non-disclosure agreement for your records. Ref #1912
ham,"Hey mom, I reached safely at the hotel. Will call you tonight after dinner."
spam,WINNER!! As a valued network customer you have been selected to receive a £900 prize reward! To claim call 09061701461. Claim code KL341. Valid 12 hours only.
ham,"I'll be arriving home in about 20 minutes, do you need anything from the grocery store? Ref #1915"
ham,Don't forget to push your latest git branch before today's standup meeting.
spam,You have 1 new voicemail! To listen to your message call 08712400603 from your mobile. Calls cost £1.50/min.
ham,Happy Birthday! Wishing you an amazing year ahead filled with joy and success! Ref #1918
ham,Please find attached the signed non-disclosure agreement for your records.
spam,Hot singles in your area want to meet you tonight! Call 09099726395 to chat live now. 18+ only.
ham,"Hey, are you free for lunch today? Let's grab some coffee around 1 PM. Ref #1921"
ham,"Thanks for helping out with the data preprocessing script yesterday, it worked like a charm!"
ham,Can we reschedule our project discussion to tomorrow morning at 10 AM?
ham,"Thanks for helping out with the data preprocessing script yesterday, it worked like a charm! Ref #1924"
spam,Free entry in 2 a wkly comp to win FA Cup final tkts 21st May 2005. Text FA to 87121 to receive entry question(std txt rate)T&C's apply 08452810075over18's
ham,"Hey, are you free for lunch today? Let's grab some coffee around 1 PM."
ham,Sounds good to me! Let's review the quarterly metrics during our 3 PM sync. Ref #1927
spam,Your account security has been compromised! Click http://bit.ly/secure-bank-login to verify your credentials within 24 hours.
spam,"Claim your complimentary Walmart $1,000 Gift Card today! Visit http://promo-giftcard.net before stock runs out."
ham,Sounds good to me! Let's review the quarterly metrics during our 3 PM sync. Ref #1930
ham,"Hey mom, I reached safely at the hotel. Will call you tonight after dinner."
ham,Don't forget to push your latest git branch before today's standup meeting.
ham,Can you send me the lecture slides from yesterday's machine learning class? Thanks! Ref #1933
ham,Happy Birthday! Wishing you an amazing year ahead filled with joy and success!
spam,Hot singles in your area want to meet you tonight! Call 09099726395 to chat live now. 18+ only.
ham,"I'll be arriving home in about 20 minutes, do you need anything from the grocery store? Ref #1936"
ham,Can we reschedule our project discussion to tomorrow morning at 10 AM?
ham,Can you send me the lecture slides from yesterday's machine learning class? Thanks!
ham,"I'll be arriving home in about 20 minutes, do you need anything from the grocery store? Ref #1939"
ham,"Hey mom, I reached safely at the hotel. Will call you tonight after dinner."
ham,Don't forget to push your latest git branch before today's standup meeting.
ham,"Hey, are you free for lunch today? Let's grab some coffee around 1 PM. Ref #1942"
spam,WINNER!! As a valued network customer you have been selected to receive a £900 prize reward! To claim call 09061701461. Claim code KL341. Valid 12 hours only.
ham,"Thanks for helping out with the data preprocessing script yesterday, it worked like a charm!"
ham,"Hey mom, I reached safely at the hotel. Will call you tonight after dinner. Ref #1945"
spam,"Claim your complimentary Walmart $1,000 Gift Card today! Visit http://promo-giftcard.net before stock runs out."
ham,Happy Birthday! Wishing you an amazing year ahead filled with joy and success!
ham,"I'll be arriving home in about 20 minutes, do you need anything from the grocery store? Ref #1948"
ham,Can you send me the lecture slides from yesterday's machine learning class? Thanks!
ham,Don't forget to push your latest git branch before today's standup meeting.
ham,Please find attached the signed non-disclosure agreement for your records. Ref #1951
ham,Happy Birthday! Wishing you an amazing year ahead filled with joy and success!
ham,"Hey, are you free for lunch today? Let's grab some coffee around 1 PM."
ham,"Hey, are you free for lunch today? Let's grab some coffee around 1 PM. Ref #1954"
ham,"Hey mom, I reached safely at the hotel. Will call you tonight after dinner."
ham,Don't forget to push your latest git branch before today's standup meeting.
ham,Happy Birthday! Wishing you an amazing year ahead filled with joy and success! Ref #1957
ham,Sounds good to me! Let's review the quarterly metrics during our 3 PM sync.
spam,"Congratulations! You've been chosen for an exclusive loan offer up to $50,000 with 0% interest. Reply YES to accept immediately."
spam,Hot singles in your area want to meet you tonight! Call 09099726395 to chat live now. 18+ only. Ref #1960
ham,Don't forget to push your latest git branch before today's standup meeting.
ham,"Hey mom, I reached safely at the hotel. Will call you tonight after dinner."
spam,WINNER!! As a valued network customer you have been selected to receive a £900 prize reward! To claim call 09061701461. Claim code KL341. Valid 12 hours only. Ref #1963
ham,"I'll be arriving home in about 20 minutes, do you need anything from the grocery store?"
ham,Sounds good to me! Let's review the quarterly metrics during our 3 PM sync.
ham,Please find attached the signed non-disclosure agreement for your records. Ref #1966
ham,Can you send me the lecture slides from yesterday's machine learning class? Thanks!
spam,URGENT: Your mobile parcel delivery #982344 is on hold. Pay $1.99 redelivery fee at http://parcel-tracker-support.info
ham,Can we reschedule our project discussion to tomorrow morning at 10 AM? Ref #1969
ham,"I'll be arriving home in about 20 minutes, do you need anything from the grocery store?"
spam,"SIX chances to win CASH! From 100 to 20,000 pounds txt> CSH11 and send to 87575. Cost 150p/day 6days. 16+ TsandCs apply."
ham,"Hey, are you free for lunch today? Let's grab some coffee around 1 PM. Ref #1972"
ham,Can we reschedule our project discussion to tomorrow morning at 10 AM?
ham,Sounds good to me! Let's review the quarterly metrics during our 3 PM sync.
ham,Don't forget to push your latest git branch before today's standup meeting. Ref #1975
ham,Don't forget to push your latest git branch before today's standup meeting.
ham,Can we reschedule our project discussion to tomorrow morning at 10 AM?
ham,Sounds good to me! Let's review the quarterly metrics during our 3 PM sync. Ref #1978
ham,"I'll be arriving home in about 20 minutes, do you need anything from the grocery store?"
ham,"Hey mom, I reached safely at the hotel. Will call you tonight after dinner."
ham,Sounds good to me! Let's review the quarterly metrics during our 3 PM sync. Ref #1981
ham,Sounds good to me! Let's review the quarterly metrics during our 3 PM sync.
spam,WINNER!! As a valued network customer you have been selected to receive a £900 prize reward! To claim call 09061701461. Claim code KL341. Valid 12 hours only.
spam,"Congratulations! You've been chosen for an exclusive loan offer up to $50,000 with 0% interest. Reply YES to accept immediately. Ref #1984"
spam,"Congratulations! You've been chosen for an exclusive loan offer up to $50,000 with 0% interest. Reply YES to accept immediately."
ham,Please find attached the signed non-disclosure agreement for your records.
ham,Sounds good to me! Let's review the quarterly metrics during our 3 PM sync. Ref #1987
ham,Sounds good to me! Let's review the quarterly metrics during our 3 PM sync.
ham,Sounds good to me! Let's review the quarterly metrics during our 3 PM sync.
ham,Sounds good to me! Let's review the quarterly metrics during our 3 PM sync. Ref #1990
ham,Don't forget to push your latest git branch before today's standup meeting.
ham,"Hey, are you free for lunch today? Let's grab some coffee around 1 PM."
ham,Sounds good to me! Let's review the quarterly metrics during our 3 PM sync. Ref #1993
ham,Can we reschedule our project discussion to tomorrow morning at 10 AM?
spam,Free entry in 2 a wkly comp to win FA Cup final tkts 21st May 2005. Text FA to 87121 to receive entry question(std txt rate)T&C's apply 08452810075over18's
ham,Can you send me the lecture slides from yesterday's machine learning class? Thanks! Ref #1996
ham,Happy Birthday! Wishing you an amazing year ahead filled with joy and success!
ham,"Hey mom, I reached safely at the hotel. Will call you tonight after dinner."
ham,Please find attached the signed non-disclosure agreement for your records. Ref #1999
ham,Happy Birthday! Wishing you an amazing year ahead filled with joy and success!
spam,URGENT: Your mobile parcel delivery #982344 is on hold. Pay $1.99 redelivery fee at http://parcel-tracker-support.info
ham,"Hey, are you free for lunch today? Let's grab some coffee around 1 PM. Ref #2002"
ham,"Hey, are you free for lunch today? Let's grab some coffee around 1 PM."
ham,Please find attached the signed non-disclosure agreement for your records.
ham,"Thanks for helping out with the data preprocessing script yesterday, it worked like a charm! Ref #2005"
ham,Can we reschedule our project discussion to tomorrow morning at 10 AM?
ham,"Hey mom, I reached safely at the hotel. Will call you tonight after dinner."
ham,"Hey, are you free for lunch today? Let's grab some coffee around 1 PM. Ref #2008"
spam,URGENT: Your mobile parcel delivery #982344 is on hold. Pay $1.99 redelivery fee at http://parcel-tracker-support.info
ham,Sounds good to me! Let's review the quarterly metrics during our 3 PM sync.
ham,"Hey, are you free for lunch today? Let's grab some coffee around 1 PM. Ref #2011"
ham,"Thanks for helping out with the data preprocessing script yesterday, it worked like a charm!"
spam,Hot singles in your area want to meet you tonight! Call 09099726395 to chat live now. 18+ only.
ham,"Hey, are you free for lunch today? Let's grab some coffee around 1 PM. Ref #2014"
spam,URGENT: Your mobile parcel delivery #982344 is on hold. Pay $1.99 redelivery fee at http://parcel-tracker-support.info
spam,"URGENT! You have won a 1 week FREE membership in our £100,000 Prize Draw! Call 09064012103 now to claim!"
ham,Sounds good to me! Let's review the quarterly metrics during our 3 PM sync. Ref #2017
ham,Don't forget to push your latest git branch before today's standup meeting.
ham,"I'll be arriving home in about 20 minutes, do you need anything from the grocery store?"
ham,"I'll be arriving home in about 20 minutes, do you need anything from the grocery store? Ref #2020"
ham,Sounds good to me! Let's review the quarterly metrics during our 3 PM sync.
ham,"Hey mom, I reached safely at the hotel. Will call you tonight after dinner."
ham,Please find attached the signed non-disclosure agreement for your records. Ref #2023
spam,"URGENT! You have won a 1 week FREE membership in our £100,000 Prize Draw! Call 09064012103 now to claim!"
ham,"Thanks for helping out with the data preprocessing script yesterday, it worked like a charm!"
ham,Can you send me the lecture slides from yesterday's machine learning class? Thanks! Ref #2026
ham,"I'll be arriving home in about 20 minutes, do you need anything from the grocery store?"
spam,Free entry in 2 a wkly comp to win FA Cup final tkts 21st May 2005. Text FA to 87121 to receive entry question(std txt rate)T&C's apply 08452810075over18's
ham,Happy Birthday! Wishing you an amazing year ahead filled with joy and success! Ref #2029
ham,Can we reschedule our project discussion to tomorrow morning at 10 AM?
spam,WINNER!! As a valued network customer you have been selected to receive a £900 prize reward! To claim call 09061701461. Claim code KL341. Valid 12 hours only.
ham,Don't forget to push your latest git branch before today's standup meeting. Ref #2032
ham,"Thanks for helping out with the data preprocessing script yesterday, it worked like a charm!"
spam,"Congratulations! You've been chosen for an exclusive loan offer up to $50,000 with 0% interest. Reply YES to accept immediately."
ham,Can you send me the lecture slides from yesterday's machine learning class? Thanks! Ref #2035
spam,"URGENT! You have won a 1 week FREE membership in our £100,000 Prize Draw! Call 09064012103 now to claim!"
ham,Can we reschedule our project discussion to tomorrow morning at 10 AM?
spam,URGENT: Your mobile parcel delivery #982344 is on hold. Pay $1.99 redelivery fee at http://parcel-tracker-support.info Ref #2038
ham,Please find attached the signed non-disclosure agreement for your records.
ham,"Hey mom, I reached safely at the hotel. Will call you tonight after dinner."
ham,Don't forget to push your latest git branch before today's standup meeting. Ref #2041
spam,"SIX chances to win CASH! From 100 to 20,000 pounds txt> CSH11 and send to 87575. Cost 150p/day 6days. 16+ TsandCs apply."
ham,"Thanks for helping out with the data preprocessing script yesterday, it worked like a charm!"
ham,Please find attached the signed non-disclosure agreement for your records. Ref #2044
ham,Can we reschedule our project discussion to tomorrow morning at 10 AM?
ham,Happy Birthday! Wishing you an amazing year ahead filled with joy and success!
ham,Sounds good to me! Let's review the quarterly metrics during our 3 PM sync. Ref #2047
ham,Sounds good to me! Let's review the quarterly metrics during our 3 PM sync.
ham,"Thanks for helping out with the data preprocessing script yesterday, it worked like a charm!"
ham,Can we reschedule our project discussion to tomorrow morning at 10 AM? Ref #2050
ham,"Hey mom, I reached safely at the hotel. Will call you tonight after dinner."
ham,Happy Birthday! Wishing you an amazing year ahead filled with joy and success!
ham,Can you send me the lecture slides from yesterday's machine learning class? Thanks! Ref #2053
spam,"Congratulations! You've been chosen for an exclusive loan offer up to $50,000 with 0% interest. Reply YES to accept immediately."
ham,Can you send me the lecture slides from yesterday's machine learning class? Thanks!
ham,"I'll be arriving home in about 20 minutes, do you need anything from the grocery store? Ref #2056"
ham,"Hey mom, I reached safely at the hotel. Will call you tonight after dinner."
ham,"Hey, are you free for lunch today? Let's grab some coffee around 1 PM."
ham,"Hey mom, I reached safely at the hotel. Will call you tonight after dinner. Ref #2059"
ham,Can we reschedule our project discussion to tomorrow morning at 10 AM?
ham,Happy Birthday! Wishing you an amazing year ahead filled with joy and success!
ham,"Thanks for helping out with the data preprocessing script yesterday, it worked like a charm! Ref #2062"
ham,"Thanks for helping out with the data preprocessing script yesterday, it worked like a charm!"
ham,Sounds good to me! Let's review the quarterly metrics during our 3 PM sync.
ham,Don't forget to push your latest git branch before today's standup meeting. Ref #2065
spam,You have 1 new voicemail! To listen to your message call 08712400603 from your mobile. Calls cost £1.50/min.
ham,Happy Birthday! Wishing you an amazing year ahead filled with joy and success!
ham,Can we reschedule our project discussion to tomorrow morning at 10 AM? Ref #2068
ham,Can you send me the lecture slides from yesterday's machine learning class? Thanks!
ham,Happy Birthday! Wishing you an amazing year ahead filled with joy and success!
ham,"Hey mom, I reached safely at the hotel. Will call you tonight after dinner. Ref #2071"
ham,Please find attached the signed non-disclosure agreement for your records.
spam,"URGENT! You have won a 1 week FREE membership in our £100,000 Prize Draw! Call 09064012103 now to claim!"
spam,Hot singles in your area want to meet you tonight! Call 09099726395 to chat live now. 18+ only. Ref #2074
ham,Happy Birthday! Wishing you an amazing year ahead filled with joy and success!
ham,"I'll be arriving home in about 20 minutes, do you need anything from the grocery store?"
ham,"Hey mom, I reached safely at the hotel. Will call you tonight after dinner. Ref #2077"
ham,Sounds good to me! Let's review the quarterly metrics during our 3 PM sync.
spam,Free entry in 2 a wkly comp to win FA Cup final tkts 21st May 2005. Text FA to 87121 to receive entry question(std txt rate)T&C's apply 08452810075over18's
ham,"Thanks for helping out with the data preprocessing script yesterday, it worked like a charm! Ref #2080"
ham,Please find attached the signed non-disclosure agreement for your records.
ham,Sounds good to me! Let's review the quarterly metrics during our 3 PM sync.
spam,"Claim your complimentary Walmart $1,000 Gift Card today! Visit http://promo-giftcard.net before stock runs out. Ref #2083"
spam,Your account security has been compromised! Click http://bit.ly/secure-bank-login to verify your credentials within 24 hours.
ham,Happy Birthday! Wishing you an amazing year ahead filled with joy and success!
ham,"Hey, are you free for lunch today? Let's grab some coffee around 1 PM. Ref #2086"
ham,Don't forget to push your latest git branch before today's standup meeting.
ham,"I'll be arriving home in about 20 minutes, do you need anything from the grocery store?"
spam,You have 1 new voicemail! To listen to your message call 08712400603 from your mobile. Calls cost £1.50/min. Ref #2089
ham,Don't forget to push your latest git branch before today's standup meeting.
spam,URGENT: Your mobile parcel delivery #982344 is on hold. Pay $1.99 redelivery fee at http://parcel-tracker-support.info
ham,Can you send me the lecture slides from yesterday's machine learning class? Thanks! Ref #2092
ham,"I'll be arriving home in about 20 minutes, do you need anything from the grocery store?"
ham,"I'll be arriving home in about 20 minutes, do you need anything from the grocery store?"
spam,You have 1 new voicemail! To listen to your message call 08712400603 from your mobile. Calls cost £1.50/min. Ref #2095
ham,Don't forget to push your latest git branch before today's standup meeting.
ham,Don't forget to push your latest git branch before today's standup meeting.
spam,"URGENT! You have won a 1 week FREE membership in our £100,000 Prize Draw! Call 09064012103 now to claim! Ref #2098"
ham,Can you send me the lecture slides from yesterday's machine learning class? Thanks!
ham,"Hey, are you free for lunch today? Let's grab some coffee around 1 PM."
ham,Happy Birthday! Wishing you an amazing year ahead filled with joy and success! Ref #2101
ham,"Hey, are you free for lunch today? Let's grab some coffee around 1 PM."
ham,Don't forget to push your latest git branch before today's standup meeting.
ham,"Hey mom, I reached safely at the hotel. Will call you tonight after dinner. Ref #2104"
ham,Can we reschedule our project discussion to tomorrow morning at 10 AM?
ham,Sounds good to me! Let's review the quarterly metrics during our 3 PM sync.
ham,Please find attached the signed non-disclosure agreement for your records. Ref #2107
ham,"Hey, are you free for lunch today? Let's grab some coffee around 1 PM."
ham,"Hey mom, I reached safely at the hotel. Will call you tonight after dinner."
ham,"Hey, are you free for lunch today? Let's grab some coffee around 1 PM. Ref #2110"
ham,"I'll be arriving home in about 20 minutes, do you need anything from the grocery store?"
ham,Please find attached the signed non-disclosure agreement for your records.
ham,Please find attached the signed non-disclosure agreement for your records. Ref #2113
ham,Sounds good to me! Let's review the quarterly metrics during our 3 PM sync.
ham,Sounds good to me! Let's review the quarterly metrics during our 3 PM sync.
ham,Sounds good to me! Let's review the quarterly metrics during our 3 PM sync. Ref #2116
ham,Please find attached the signed non-disclosure agreement for your records.
spam,"Claim your complimentary Walmart $1,000 Gift Card today! Visit http://promo-giftcard.net before stock runs out."
ham,"I'll be arriving home in about 20 minutes, do you need anything from the grocery store? Ref #2119"
ham,Happy Birthday! Wishing you an amazing year ahead filled with joy and success!
spam,Hot singles in your area want to meet you tonight! Call 09099726395 to chat live now. 18+ only.
ham,Happy Birthday! Wishing you an amazing year ahead filled with joy and success! Ref #2122
ham,"Thanks for helping out with the data preprocessing script yesterday, it worked like a charm!"
ham,Sounds good to me! Let's review the quarterly metrics during our 3 PM sync.
spam,You have 1 new voicemail! To listen to your message call 08712400603 from your mobile. Calls cost £1.50/min. Ref #2125
ham,Can we reschedule our project discussion to tomorrow morning at 10 AM?
ham,"Thanks for helping out with the data preprocessing script yesterday, it worked like a charm!"
ham,"Hey mom, I reached safely at the hotel. Will call you tonight after dinner. Ref #2128"
ham,Happy Birthday! Wishing you an amazing year ahead filled with joy and success!
ham,Happy Birthday! Wishing you an amazing year ahead filled with joy and success!
ham,"Thanks for helping out with the data preprocessing script yesterday, it worked like a charm! Ref #2131"
spam,WINNER!! As a valued network customer you have been selected to receive a £900 prize reward! To claim call 09061701461. Claim code KL341. Valid 12 hours only.
ham,Happy Birthday! Wishing you an amazing year ahead filled with joy and success!
ham,Can you send me the lecture slides from yesterday's machine learning class? Thanks! Ref #2134
ham,Can we reschedule our project discussion to tomorrow morning at 10 AM?
spam,WINNER!! As a valued network customer you have been selected to receive a £900 prize reward! To claim call 09061701461. Claim code KL341. Valid 12 hours only.
ham,Don't forget to push your latest git branch before today's standup meeting. Ref #2137
spam,"Claim your complimentary Walmart $1,000 Gift Card today! Visit http://promo-giftcard.net before stock runs out."
ham,Please find attached the signed non-disclosure agreement for your records.
ham,Happy Birthday! Wishing you an amazing year ahead filled with joy and success! Ref #2140
ham,Sounds good to me! Let's review the quarterly metrics during our 3 PM sync.
ham,"I'll be arriving home in about 20 minutes, do you need anything from the grocery store?"
ham,Sounds good to me! Let's review the quarterly metrics during our 3 PM sync. Ref #2143
ham,"I'll be arriving home in about 20 minutes, do you need anything from the grocery store?"
ham,Sounds good to me! Let's review the quarterly metrics during our 3 PM sync.
ham,Happy Birthday! Wishing you an amazing year ahead filled with joy and success! Ref #2146
ham,"Hey, are you free for lunch today? Let's grab some coffee around 1 PM."
ham,Don't forget to push your latest git branch before today's standup meeting.
ham,Happy Birthday! Wishing you an amazing year ahead filled with joy and success! Ref #2149
ham,Can we reschedule our project discussion to tomorrow morning at 10 AM?
ham,"Thanks for helping out with the data preprocessing script yesterday, it worked like a charm!"
spam,WINNER!! As a valued network customer you have been selected to receive a £900 prize reward! To claim call 09061701461. Claim code KL341. Valid 12 hours only. Ref #2152
ham,Happy Birthday! Wishing you an amazing year ahead filled with joy and success!
ham,"Hey, are you free for lunch today? Let's grab some coffee around 1 PM."
ham,"Hey mom, I reached safely at the hotel. Will call you tonight after dinner. Ref #2155"
ham,Can you send me the lecture slides from yesterday's machine learning class? Thanks!
ham,Sounds good to me! Let's review the quarterly metrics during our 3 PM sync.
spam,Your account security has been compromised! Click http://bit.ly/secure-bank-login to verify your credentials within 24 hours. Ref #2158
ham,Can you send me the lecture slides from yesterday's machine learning class? Thanks!
spam,"SIX chances to win CASH! From 100 to 20,000 pounds txt> CSH11 and send to 87575. Cost 150p/day 6days. 16+ TsandCs apply."
ham,"Hey mom, I reached safely at the hotel. Will call you tonight after dinner. Ref #2161"
ham,"Thanks for helping out with the data preprocessing script yesterday, it worked like a charm!"
spam,You have 1 new voicemail! To listen to your message call 08712400603 from your mobile. Calls cost £1.50/min.
ham,"I'll be arriving home in about 20 minutes, do you need anything from the grocery store? Ref #2164"
ham,Can we reschedule our project discussion to tomorrow morning at 10 AM?
ham,Please find attached the signed non-disclosure agreement for your records.
ham,Don't forget to push your latest git branch before today's standup meeting. Ref #2167
ham,"Thanks for helping out with the data preprocessing script yesterday, it worked like a charm!"
spam,Your account security has been compromised! Click http://bit.ly/secure-bank-login to verify your credentials within 24 hours.
ham,Happy Birthday! Wishing you an amazing year ahead filled with joy and success! Ref #2170
ham,Please find attached the signed non-disclosure agreement for your records.
ham,Can you send me the lecture slides from yesterday's machine learning class? Thanks!
spam,"SIX chances to win CASH! From 100 to 20,000 pounds txt> CSH11 and send to 87575. Cost 150p/day 6days. 16+ TsandCs apply. Ref #2173"
ham,"Hey, are you free for lunch today? Let's grab some coffee around 1 PM."
ham,"I'll be arriving home in about 20 minutes, do you need anything from the grocery store?"
spam,Free entry in 2 a wkly comp to win FA Cup final tkts 21st May 2005. Text FA to 87121 to receive entry question(std txt rate)T&C's apply 08452810075over18's Ref #2176
ham,Can you send me the lecture slides from yesterday's machine learning class? Thanks!
spam,"Congratulations! You've been chosen for an exclusive loan offer up to $50,000 with 0% interest. Reply YES to accept immediately."
ham,"Thanks for helping out with the data preprocessing script yesterday, it worked like a charm! Ref #2179"
ham,"Thanks for helping out with the data preprocessing script yesterday, it worked like a charm!"
ham,Happy Birthday! Wishing you an amazing year ahead filled with joy and success!
ham,Sounds good to me! Let's review the quarterly metrics during our 3 PM sync. Ref #2182
ham,Happy Birthday! Wishing you an amazing year ahead filled with joy and success!
ham,"Thanks for helping out with the data preprocessing script yesterday, it worked like a charm!"
ham,Don't forget to push your latest git branch before today's standup meeting. Ref #2185
ham,Can you send me the lecture slides from yesterday's machine learning class? Thanks!
ham,"I'll be arriving home in about 20 minutes, do you need anything from the grocery store?"
ham,Can you send me the lecture slides from yesterday's machine learning class? Thanks! Ref #2188
ham,"Hey mom, I reached safely at the hotel. Will call you tonight after dinner."
spam,"URGENT! You have won a 1 week FREE membership in our £100,000 Prize Draw! Call 09064012103 now to claim!"
spam,URGENT: Your mobile parcel delivery #982344 is on hold. Pay $1.99 redelivery fee at http://parcel-tracker-support.info Ref #2191
ham,Sounds good to me! Let's review the quarterly metrics during our 3 PM sync.
ham,"Hey mom, I reached safely at the hotel. Will call you tonight after dinner."
ham,"I'll be arriving home in about 20 minutes, do you need anything from the grocery store? Ref #2194"
ham,Can we reschedule our project discussion to tomorrow morning at 10 AM?
ham,Can we reschedule our project discussion to tomorrow morning at 10 AM?
spam,WINNER!! As a valued network customer you have been selected to receive a £900 prize reward! To claim call 09061701461. Claim code KL341. Valid 12 hours only. Ref #2197
ham,"Hey mom, I reached safely at the hotel. Will call you tonight after dinner."
ham,Can we reschedule our project discussion to tomorrow morning at 10 AM?
